Platform,Category,Device Type,Brand,Model,Storage,Price_PKR,Rating,Availability,URL,CPU Score,GPU Score,MEM Score,UX Score,Total Score
,,,Redmi,13C,128GB - 6GB RAM,"Rs29,500",4.9,In Stock,https://priceoye.pk/mobiles/xiaomi/xiaomi-redmi-13c,,,,,
Android,Performance,Smartphone,Redmi,Note 14 Pro,256GB - 8GB RAM,"Rs68,999",4.8,In Stock,https://priceoye.pk/mobiles/xiaomi/xiaomi-redmi-note-14-pro,189496,141977,130255,163812,625540
,,,Samsung,Galaxy A05,128GB - 6GB RAM,"Rs25,999",4.8,In Stock,https://priceoye.pk/mobiles/samsung/samsung-galaxy-a05,,,,,
Android,Performance,Smartphone,Samsung,Galaxy A05s,128GB - 6GB RAM,"Rs34,599",4.9,In Stock,https://priceoye.pk/mobiles/samsung/samsung-galaxy-a05s,94787,39509,86361,73221,293878
,,,Samsung,Galaxy A06,64GB - 4GB RAM,"Rs21,300",4.9,In Stock,https://priceoye.pk/mobiles/samsung/samsung-galaxy-a06,,,,,
,,,Samsung,Galaxy A10,32GB,"Rs21,999",3.9,Discontinued,https://priceoye.pk/mobiles/samsung/samsung-galaxy-a10,,,,,
,,,Samsung,Galaxy A10S,32GB - 2GB RAM,"Rs15,899",4.5,Discontinued,https://priceoye.pk/mobiles/samsung/samsung-galaxy-a10s,,,,,
,,,Samsung,Galaxy A11,32GB - 2GB RAM,"Rs17,999",4,Discontinued,https://priceoye.pk/mobiles/samsung/samsung-galaxy-a11,,,,,
,,,Samsung,Galaxy A12,64GB - 4GB RAM,"Rs24,999",4.8,Discontinued,https://priceoye.pk/mobiles/samsung/samsung-galaxy-a12,,,,,
,,,Samsung,Galaxy A13,64GB - 4GB RAM,"Rs28,499",4.9,In Stock,https://priceoye.pk/mobiles/samsung/samsung-galaxy-a13,,,,,
,,,Samsung,Galaxy A14,128GB - 4GB RAM,"Rs34,999",4.9,Out Of Stock,https://priceoye.pk/mobiles/samsung/samsung-galaxy-a14,,,,,
Android,Performance,Smartphone,Samsung,Galaxy A15,128GB - 6GB RAM,"Rs37,999",4.9,In Stock,https://priceoye.pk/mobiles/samsung/samsung-galaxy-a15,130114,62758,81043,99495,373410
,,,Samsung,Galaxy A16,128GB - 6GB RAM,"Rs43,999",4.7,In Stock,https://priceoye.pk/mobiles/samsung/samsung-galaxy-a16,,,,,
,,,Samsung,Galaxy A20,32GB - 3GB RAM,"Rs28,499",3.5,Discontinued,https://priceoye.pk/mobiles/samsung/samsung-galaxy-a20,,,,,
,,,Samsung,Galaxy A20s,32GB - 3GB RAM,"Rs28,999",4.2,Discontinued,https://priceoye.pk/mobiles/samsung/samsung-galaxy-a20s,,,,,
,,,Samsung,Galaxy A21s,64GB - 4GB RAM,"Rs29,999",4.2,Discontinued,https://priceoye.pk/mobiles/samsung/samsung-galaxy-a21s,,,,,
,,,Samsung,Galaxy A22,128GB - 4GB RAM,"Rs55,999",4.9,Discontinued,https://priceoye.pk/mobiles/samsung/samsung-galaxy-a22,,,,,
,,,Samsung,Galaxy A04s,64GB - 4GB RAM,"Rs27,999",4.9,Discontinued,https://priceoye.pk/mobiles/samsung/samsung-galaxy-a04s,,,,,
,,,Samsung,Galaxy A04e,32GB - 3GB RAM,"Rs20,499",4.9,Discontinued,https://priceoye.pk/mobiles/samsung/samsung-galaxy-a04e,,,,,
,,,Samsung,Galaxy A04,32GB - 3GB RAM,"Rs19,200",4.9,Out Of Stock,https://priceoye.pk/mobiles/samsung/samsung-galaxy-a04,,,,,
,,,Vivo,Y16,64GB - 4GB RAM,"Rs30,499",5,Discontinued,https://priceoye.pk/mobiles/vivo/vivo-y16,,,,,
,,,Redmi,Note 14 Pro Plus,512GB - 12GB RAM,"Rs131,999",4.7,In Stock,https://priceoye.pk/mobiles/xiaomi/xiaomi-redmi-note-14-pro-plus,,,,,
Android,Performance,Smartphone,Redmi,Note 8,64GB - 4GB RAM,"Rs29,999",4.9,Discontinued,https://priceoye.pk/mobiles/xiaomi/xiaomi-redmi-note-8,85248,34465,52464,64143,236320
Android,Performance,Smartphone,Redmi,Note 8 Pro,64GB - 6GB RAM,"Rs39,999",4.7,Discontinued,https://priceoye.pk/mobiles/xiaomi/xiaomi-redmi-note-8-pro,120527,68783,76096,93316,358722
,,,Redmi,Note 9,128GB - 4GB RAM,"Rs29,499",4.7,Discontinued,https://priceoye.pk/mobiles/xiaomi/xiaomi-redmi-note-9,,,,,
,,,Redmi,Note 9 Pro,128GB - 6GB RAM,"Rs40,799",4.8,Discontinued,https://priceoye.pk/mobiles/xiaomi/xiaomi-redmi-note-9-pro,,,,,
,,,Redmi,Note 9S,64GB - 4GB RAM,"Rs34,999",4.8,Discontinued,https://priceoye.pk/mobiles/xiaomi/xiaomi-redmi-note-9s,,,,,
,,,Vivo,Y15s,32GB - 3GB RAM,"Rs26,599",4.4,Discontinued,https://priceoye.pk/mobiles/vivo/vivo-y15s,,,,,
,,,Samsung,Galaxy A03s,32GB - 3GB RAM,"Rs20,999",4.8,Discontinued,https://priceoye.pk/mobiles/samsung/samsung-galaxy-a03s,,,,,
,,,Samsung,Galaxy A01,16GB - 2GB RAM,"Rs15,999",5,Discontinued,https://priceoye.pk/mobiles/samsung/samsung-galaxy-a01,,,,,
,,,Samsung,Galaxy A01 Core,16GB - 1GB RAM,"Rs13,999",5,Discontinued,https://priceoye.pk/mobiles/samsung/samsung-a013,,,,,
,,,Samsung,Galaxy A02,32GB - 3GB RAM,"Rs15,699",4.6,Discontinued,https://priceoye.pk/mobiles/samsung/samsung-galaxy-a02,,,,,
,,,Samsung,Galaxy A02s,32GB - 3GB RAM,"Rs17,499",4.9,Discontinued,https://priceoye.pk/mobiles/samsung/samsung-galaxy-a02s,,,,,
,,,Samsung,Galaxy A03,32GB - 3GB RAM,"Rs26,699",4.9,Discontinued,https://priceoye.pk/mobiles/samsung/samsung-galaxy-a03,,,,,
,,,Samsung,Galaxy A03 Core,32GB - 2GB RAM,"Rs17,799",5,Discontinued,https://priceoye.pk/mobiles/samsung/samsung-galaxy-a03-core,,,,,
,,,Samsung,Galaxy A23,128GB - 6GB RAM,"Rs74,199",4.9,Discontinued,https://priceoye.pk/mobiles/samsung/samsung-galaxy-a23,,,,,
,,,Samsung,Galaxy A24 4G,128GB - 8GB RAM,"Rs53,999",4.9,In Stock,https://priceoye.pk/mobiles/samsung/samsung-galaxy-a24-4g,,,,,
Android,Performance,Smartphone,Samsung,Galaxy A25,256GB - 8GB RAM,"Rs64,599",4.8,In Stock,https://priceoye.pk/mobiles/samsung/samsung-galaxy-a25,140720,102230,96467,125395,464812
,,,Vivo,Y15C,64GB - 4GB RAM,"Rs31,299",5,Discontinued,https://priceoye.pk/mobiles/vivo/vivo-y15c,,,,,
,,,Samsung,Galaxy A72,128GB - 8GB RAM,"Rs78,299",4.9,Discontinued,https://priceoye.pk/mobiles/samsung/samsung-galaxy-a72,,,,,
,,,Samsung,Galaxy A73,256GB - 8GB RAM,"Rs171,499",4.9,Discontinued,https://priceoye.pk/mobiles/samsung/samsung-galaxy-a73,,,,,
,,,Samsung,Galaxy A80,128GB - 8GB RAM,"Rs114,999",5,Discontinued,https://priceoye.pk/mobiles/samsung/samsung-galaxy-a80,,,,,
,,,Samsung,Galaxy Fold,512GB - 12GB RAM,"Rs339,999",4.6,Discontinued,https://priceoye.pk/mobiles/samsung/samsung-galaxy-fold,,,,,
,,,Samsung,Galaxy M11,32GB - 3GB RAM,"Rs19,099",4.8,Discontinued,https://priceoye.pk/mobiles/samsung/samsung-galaxy-m11,,,,,
,,,Samsung,Galaxy M31,128GB - 6GB RAM,"Rs43,299",4.6,Discontinued,https://priceoye.pk/mobiles/samsung/samsung-galaxy-m31,,,,,
,,,Samsung,Galaxy M52,128GB - 8GB RAM,"Rs76,199",5,Discontinued,https://priceoye.pk/mobiles/samsung/samsung-galaxy-m52,,,,,
,,,Samsung,Galaxy A70,128GB - 6GB RAM,"Rs59,999",4.4,Discontinued,https://priceoye.pk/mobiles/samsung/samsung-galaxy-a70,,,,,
,,,Vivo,Y12,64GB - 3GB RAM,"Rs24,299",5,Discontinued,https://priceoye.pk/mobiles/vivo/vivo-y12,,,,,
,,,Samsung,Galaxy Note 10,256GB - 8GB RAM,"Rs169,999",5,Discontinued,https://priceoye.pk/mobiles/samsung/samsung-galaxy-note-10,,,,,
,,,Samsung,Galaxy Note 10 Lite,128GB - 8GB RAM,"Rs88,800",5,Discontinued,https://priceoye.pk/mobiles/samsung/samsung-galaxy-note-10-lite,,,,,
,,,Samsung,Galaxy Note 10 Plus,256GB - 12GB RAM,"Rs189,999",4.5,Discontinued,https://priceoye.pk/mobiles/samsung/samsung-galaxy-note-10-plus,,,,,
,,,Samsung,Galaxy Note 20,256GB - 8GB RAM,"Rs179,999",5,Discontinued,https://priceoye.pk/mobiles/samsung/samsung-galaxy-note-20,,,,,
,,,Samsung,Galaxy Note 20 Ultra,256GB - 8GB RAM,"Rs207,999",5,Discontinued,https://priceoye.pk/mobiles/samsung/samsung-galaxy-note-20-ultra,,,,,
,,,Samsung,Galaxy A71,128GB - 8GB RAM,"Rs63,299",5,Discontinued,https://priceoye.pk/mobiles/samsung/samsung-galaxy-a71,,,,,
Android,Performance,Smartphone,Samsung,Galaxy A56 5G,256GB - 8GB RAM,"Rs129,999",4.9,In Stock,https://priceoye.pk/mobiles/samsung/samsung-galaxy-a56-5g,288353,250249,151645,191624,881871
,,,Samsung,Galaxy A26 5G,256GB - 8GB RAM,"Rs75,999",5,In Stock,https://priceoye.pk/mobiles/samsung/samsung-galaxy-a26-5g,,,,,
Android,Performance,Smartphone,Samsung,Galaxy A35 5G,256GB - 8GB RAM,"Rs88,599",4.7,In Stock,https://priceoye.pk/mobiles/samsung/samsung-galaxy-a35-5g,184370,132622,114086,152136,583214
,,,Samsung,Galaxy A30,64GB - 4GB RAM,"Rs37,999",4.6,Discontinued,https://priceoye.pk/mobiles/samsung/samsung-galaxy-a30,,,,,
,,,Samsung,Galaxy A30s,64GB - 4GB RAM,"Rs37,999",3.8,Discontinued,https://priceoye.pk/mobiles/samsung/samsung-galaxy-a30s,,,,,
,,,Samsung,Galaxy A31,128GB - 4GB RAM,"Rs34,299",4.3,Discontinued,https://priceoye.pk/mobiles/samsung/samsung-galaxy-a31,,,,,
,,,Samsung,Galaxy A32,128GB - 6GB RAM,"Rs79,999",4.8,Discontinued,https://priceoye.pk/mobiles/samsung/samsung-galaxy-a32,,,,,
,,,Samsung,Galaxy A33 5G,128GB - 8GB RAM,"Rs100,999",4.9,Discontinued,https://priceoye.pk/mobiles/samsung/samsung-galaxy-a33,,,,,
Android,Performance,Smartphone,Samsung,Galaxy A34,256GB - 8GB RAM,"Rs68,500",4.9,In Stock,https://priceoye.pk/mobiles/samsung/samsung-galaxy-a34,160232,116073,106191,153081,535577
,,,Samsung,Galaxy A36 5G,256GB - 8GB RAM,"Rs106,999",4.5,In Stock,https://priceoye.pk/mobiles/samsung/samsung-galaxy-a36-5g,,,,,
Android,Performance,Smartphone,Samsung,Galaxy A55 5G,256GB - 8GB RAM,"Rs111,999",4.8,Out Of Stock,https://priceoye.pk/mobiles/samsung/samsung-galaxy-a55-5g,218563,171696,145369,171152,706780
,,,Samsung,Galaxy A50,128GB - 4GB RAM,"Rs48,999",4.3,Discontinued,https://priceoye.pk/mobiles/samsung/samsung-galaxy-a50,,,,,
,,,Samsung,Galaxy A51,128GB - 6GB RAM,"Rs47,299",4.5,Discontinued,https://priceoye.pk/mobiles/samsung/samsung-galaxy-a51,,,,,
,,,Samsung,Galaxy A52,128GB - 8GB RAM,"Rs60,899",4.9,Discontinued,https://priceoye.pk/mobiles/samsung/samsung-galaxy-a52,,,,,
,,,Samsung,Galaxy A52s 5G,128GB - 8GB RAM,"Rs84,999",4.7,Discontinued,https://priceoye.pk/mobiles/samsung/samsung-galaxy-a52s-5g,,,,,
,,,Samsung,Galaxy A53 5G,128GB - 8GB RAM,"Rs92,999",4.9,Discontinued,https://priceoye.pk/mobiles/samsung/samsung-galaxy-a53,,,,,
Android,Performance,Smartphone,Samsung,Galaxy A54 5G,256GB - 8GB RAM,"Rs85,500",4.9,In Stock,https://priceoye.pk/mobiles/samsung/samsung-galaxy-a54-5g,180052,133291,112931,151317,577591
Android,Performance,Smartphone,Redmi,Note 14,128GB - 8GB RAM,"Rs45,999",4.8,In Stock,https://priceoye.pk/mobiles/xiaomi/xiaomi-redmi-note-14,121808,64917,116043,113211,415979
,,,Realme,7i,128GB - 8GB RAM,"Rs31,699",4.9,Discontinued,https://priceoye.pk/mobiles/realme/realme-7i,,,,,
,,,Realme,C53,128GB - 6GB RAM,"Rs34,999",4.9,In Stock,https://priceoye.pk/mobiles/realme/realme-c53,,,,,
,,,Realme,C61,128GB - 6GB RAM,"Rs26,949",4.9,In Stock,https://priceoye.pk/mobiles/realme/realme-c61,,,,,
,,,Realme,C63,128GB - 8GB RAM,"Rs31,299",4.8,In Stock,https://priceoye.pk/mobiles/realme/realme-c63,,,,,
,,,Realme,C65,256GB - 8GB RAM,"Rs36,799",4.9,In Stock,https://priceoye.pk/mobiles/realme/realme-c65,,,,,
,,,Realme,C67,128GB - 8GB RAM,"Rs38,499",4.9,Discontinued,https://priceoye.pk/mobiles/realme/realme-c67,,,,,
,,,Realme,C71,128GB - 6GB RAM,"Rs32,499",4.7,In Stock,https://priceoye.pk/mobiles/realme/realme-c71,,,,,
,,,Realme,C75,128GB - 8GB RAM,"Rs38,999",4.8,In Stock,https://priceoye.pk/mobiles/realme/realme-c75,,,,,
,,,Realme,C75x,128GB - 6GB RAM,"Rs35,799",4.8,In Stock,https://priceoye.pk/mobiles/realme/realme-c75x,,,,,
,,,Realme,GT 6,512GB - 16GB RAM,"Rs149,999",5,Discontinued,https://priceoye.pk/mobiles/realme/realme-gt-6,,,,,
,,,Realme,GT Master Edition,128GB - 8GB RAM,"Rs107,999",4.9,Discontinued,https://priceoye.pk/mobiles/realme/realme-gt-master-edition,,,,,
,,,Realme,Narzo 50,64GB - 4GB RAM,"Rs34,899",4.9,Discontinued,https://priceoye.pk/mobiles/realme/realme-narzo-50,,,,,
,,,Realme,Narzo 50A Prime,64GB - 4GB RAM,"Rs22,499",4.9,Discontinued,https://priceoye.pk/mobiles/realme/realme-narzo-50a-prime,,,,,
,,,Realme,Narzo 50i,64GB - 4GB RAM,"Rs22,799",5,Discontinued,https://priceoye.pk/mobiles/realme/realme-narzo-50i,,,,,
,,,Realme,Note 50,64GB - 4GB RAM,"Rs22,499",4.8,Discontinued,https://priceoye.pk/mobiles/realme/realme-note-50,,,,,
,,,Realme,Note 60,64GB - 4GB RAM,"Rs21,699",4.8,In Stock,https://priceoye.pk/mobiles/realme/realme-note-60,,,,,
,,,Realme,C51,64GB - 3GB RAM,"Rs23,199",4.9,Out Of Stock,https://priceoye.pk/mobiles/realme/realme-c51,,,,,
,,,Realme,C35,128GB - 4GB RAM,"Rs32,499",4.9,Discontinued,https://priceoye.pk/mobiles/realme/realme-c35,,,,,
,,,Realme,C33,64GB - 4GB RAM,"Rs39,999",4.8,Discontinued,https://priceoye.pk/mobiles/realme/realme-c33,,,,,
,,,Realme,C15,64GB - 3GB RAM,"Rs21,999",5,Discontinued,https://priceoye.pk/mobiles/realme/realme-c15,,,,,
,,,Realme,8 pro,128GB - 8GB RAM,"Rs47,999",5,Discontinued,https://priceoye.pk/mobiles/realme/realme-8-pro,,,,,
,,,Realme,9 4G,128GB - 8GB RAM,"Rs97,299",4.9,Discontinued,https://priceoye.pk/mobiles/realme/realme-9-4g,,,,,
,,,Realme,9 Pro Plus,128GB - 8GB RAM,"Rs95,999",4.9,Discontinued,https://priceoye.pk/mobiles/realme/realme-9-pro-plus,,,,,
,,,Realme,9i,128GB - 6GB RAM,"Rs77,499",4.9,Discontinued,https://priceoye.pk/mobiles/realme/realme-9i,,,,,
,,,Realme,C11,32GB - 2GB RAM,"Rs15,399",5,Discontinued,https://priceoye.pk/mobiles/realme/realme-c11,,,,,
,,,Realme,C11 2021,32GB - 2GB RAM,"Rs18,299",4.9,Discontinued,https://priceoye.pk/mobiles/realme/realme-c11-2021,,,,,
,,,Realme,C17,128GB - 6GB RAM,"Rs27,700",5,Discontinued,https://priceoye.pk/mobiles/realme/realme-c17,,,,,
,,,Realme,C30,32GB - 3GB RAM,"Rs16,499",4.9,Discontinued,https://priceoye.pk/mobiles/realme/realme-c30,,,,,
,,,Realme,C2,64GB - 3GB RAM,"Rs15,999",4.4,Discontinued,https://priceoye.pk/mobiles/realme/realme-c2,,,,,
,,,Realme,C21,32GB - 3GB RAM,"Rs33,499",5,Discontinued,https://priceoye.pk/mobiles/realme/realme-c21,,,,,
,,,Realme,C21Y,32GB - 3GB RAM,"Rs30,899",4.9,Discontinued,https://priceoye.pk/mobiles/realme/realme-c21y,,,,,
,,,Realme,C25,128GB - 4GB RAM,"Rs24,900",4.8,Discontinued,https://priceoye.pk/mobiles/realme/realme-c25,,,,,
,,,Realme,C25s,64GB - 4GB RAM,"Rs29,499",4.9,Discontinued,https://priceoye.pk/mobiles/realme/realme-c25s,,,,,
,,,Realme,C25Y,64GB - 4GB RAM,"Rs26,499",4.9,Discontinued,https://priceoye.pk/mobiles/realme/realme-c25y,,,,,
,,,Realme,Note 60x,64GB - 8GB RAM,"Rs17,500",4.9,In Stock,https://priceoye.pk/mobiles/realme/realme-note-60x,,,,,
,,,Realme,X3 Super Zoom,256GB - 12GB RAM,"Rs75,300",5,Discontinued,https://priceoye.pk/mobiles/realme/realme-x3-super-zoom,,,,,
,,,Realme,XT,128GB - 8GB RAM,"Rs49,999",4.4,Discontinued,https://priceoye.pk/mobiles/realme/realme-xt,,,,,
,,,Redmi,Note 12,128GB - 8GB RAM,"Rs40,999",4.9,In Stock,https://priceoye.pk/mobiles/xiaomi/xiaomi-redmi-note-12,,,,,
,,,Redmi,Note 10,128GB - 4GB RAM,"Rs30,099",4.9,Discontinued,https://priceoye.pk/mobiles/xiaomi/xiaomi-redmi-note-10,,,,,
Android,Performance,Smartphone,Redmi,Note 10 Pro,128GB - 6GB RAM,"Rs52,999",4.8,Discontinued,https://priceoye.pk/mobiles/xiaomi/xiaomi-redmi-note-10-pro,105485,72770,65060,94127,337442
,,,Redmi,Note 10S,128GB - 6GB RAM,"Rs37,499",4.9,Discontinued,https://priceoye.pk/mobiles/xiaomi/xiaomi-redmi-note-10s,,,,,
,,,Redmi,Note 11,64GB - 4GB RAM,"Rs54,999",4.9,Discontinued,https://priceoye.pk/mobiles/xiaomi/xiaomi-redmi-note-11,,,,,
,,,Redmi,Note 11 Pro,64GB - 6GB RAM,"Rs45,999",4.9,Discontinued,https://priceoye.pk/mobiles/xiaomi/xiaomi-redmi-note-11-pro,,,,,
Android,Performance,Smartphone,Redmi,Note 12 Pro,256GB - 8GB RAM,"Rs81,999",4.9,Out Of Stock,https://priceoye.pk/mobiles/xiaomi/xiaomi-redmi-note-12-pro,154490,109724,110160,139744,514118
,,,Redmi,A3x,64GB - 3GB RAM,"Rs16,999",4.8,In Stock,https://priceoye.pk/mobiles/xiaomi/xiaomi-redmi-a3x,,,,,
,,,Redmi,Note 12S,256GB - 8GB RAM,"Rs69,499",5,Out Of Stock,https://priceoye.pk/mobiles/xiaomi/xiaomi,,,,,
Android,Performance,Smartphone,Redmi,Note 13,128GB - 8GB RAM,"Rs41,999",4.9,Out Of Stock,https://priceoye.pk/mobiles/xiaomi/xiaomi-redmi-note-13,123383,70535,112834,116034,422786
Android,Performance,Smartphone,Redmi,Note 13 Pro,256GB - 8GB RAM,"Rs61,500",4.9,Out Of Stock,https://priceoye.pk/mobiles/xiaomi/xiaomi-redmi-note-13-pro,216057,179910,159448,167625,723040
,,,Redmi,Note 13 Pro Plus,512GB - 12GB RAM,"Rs125,999",4.8,In Stock,https://priceoye.pk/mobiles/xiaomi/redmi-note-13-pro-plus,,,,,
,,,Redmi,A5,64GB - 4GB RAM,"Rs21,050",4.8,In Stock,https://priceoye.pk/mobiles/xiaomi/xiaomi-redmi-a5,,,,,
,,,Redmi,A3,64GB - 4GB RAM,"Rs19,999",4.8,In Stock,https://priceoye.pk/mobiles/xiaomi/xiaomi-redmi-a3,,,,,
,,,Redmi,10,64GB - 4GB RAM,"Rs27,399",4.7,Discontinued,https://priceoye.pk/mobiles/xiaomi/xiaomi-redmi-10,,,,,
,,,Redmi,14C,128GB - 4GB RAM,"Rs24,199",4.8,In Stock,https://priceoye.pk/mobiles/xiaomi/xiaomi-redmi-14c,,,,,
,,,Redmi,10A,64GB - 3GB RAM,"Rs20,299",4.9,In Stock,https://priceoye.pk/mobiles/xiaomi/xiaomi-redmi-10a,,,,,
,,,Redmi,10C,64GB - 4GB RAM,"Rs23,999",4.9,Out Of Stock,https://priceoye.pk/mobiles/xiaomi/redmi-10c,,,,,
,,,Redmi,12,128GB - 4GB RAM,"Rs35,999",4.9,Out Of Stock,https://priceoye.pk/mobiles/xiaomi/xiaomi-redmi-12,,,,,
,,,Redmi,12C,64GB - 4GB RAM,"Rs21,999",4.9,In Stock,https://priceoye.pk/mobiles/xiaomi/xiaomi-redmi-12c,,,,,
,,,Redmi,13,128GB - 8GB RAM,"Rs32,299",4.8,In Stock,https://priceoye.pk/mobiles/xiaomi/xiaomi-redmi-13,,,,,
,,,Redmi,8,64GB - 4GB RAM,"Rs22,499",5,Discontinued,https://priceoye.pk/mobiles/xiaomi/xiomi-redmi-8,,,,,
,,,Redmi,A2 Plus,64GB - 3GB RAM,"Rs16,999",4.9,Out Of Stock,https://priceoye.pk/mobiles/xiaomi/xiaomi-redmi-a2-plus,,,,,
,,,Redmi,8A,32GB - 2GB RAM,"Rs16,499",4.8,Discontinued,https://priceoye.pk/mobiles/xiaomi/xiaomi-redmi-8a,,,,,
,,,Redmi,9,64GB - 4GB RAM,"Rs22,099",4.5,Discontinued,https://priceoye.pk/mobiles/xiaomi/redmi-9,,,,,
,,,Redmi,9A,32GB - 2GB RAM,"Rs15,099",4.8,Discontinued,https://priceoye.pk/mobiles/xiaomi/xiaomi-redmi-9a,,,,,
,,,Redmi,9C,32GB - 2GB RAM,"Rs29,999",4.8,Discontinued,https://priceoye.pk/mobiles/xiaomi/xiaomi-redmi-9c,,,,,
,,,Redmi,9T,64GB - 4GB RAM,"Rs23,999",4.9,Discontinued,https://priceoye.pk/mobiles/xiaomi/xiaomi-redmi-9t,,,,,
,,,Redmi,A1+,32GB - 2GB RAM,"Rs15,999",4.9,In Stock,https://priceoye.pk/mobiles/xiaomi/xiaomi-redmi-a1,,,,,
,,,Samsung,Galaxy S10 Lite,128GB - 8GB RAM,"Rs107,999",5,Discontinued,https://priceoye.pk/mobiles/samsung/samsung-galaxy-s10-lite,,,,,
,,,Samsung,Galaxy S10 Plus,128GB - 8GB RAM,"Rs164,999",4.2,Discontinued,https://priceoye.pk/mobiles/samsung/samsung-galaxy-s10-plus,,,,,
,,,Samsung,Galaxy S20,128GB - 8GB RAM,"Rs155,999",5,Discontinued,https://priceoye.pk/mobiles/samsung/samsung-galaxy-s20,,,,,
Android,Performance,Smartphone,Samsung,Galaxy S20 FE,128GB - 8GB RAM,"Rs95,999",3.5,Discontinued,https://priceoye.pk/mobiles/samsung/samsung-galaxy-s20-fe,202503,250565,132815,144414,730297
,,,Tecno,Spark 30,128GB - 8GB RAM,"Rs31,499",4.8,In Stock,https://priceoye.pk/mobiles/tecno/tecno-spark-30,,,,,
Android,Performance,Smartphone,Tecno,SPARK 30 Pro,128GB - 8GB RAM,"Rs35,100",4.8,In Stock,https://priceoye.pk/mobiles/tecno/tecno-spark-30-pro,128530,69689,99509,112531,410259
,,,Tecno,SPARK 30C,128GB - 6GB RAM,"Rs26,899",4.8,In Stock,https://priceoye.pk/mobiles/tecno/tecno-spark-30c,,,,,
,,,Tecno,Spark 4,32GB - 3GB RAM,"Rs15,999",4.3,Discontinued,https://priceoye.pk/mobiles/tecno/tecno-spark-4,,,,,
,,,Tecno,Spark 4 Lite,32GB - 2GB RAM,"Rs13,499",3.9,Discontinued,https://priceoye.pk/mobiles/tecno/tecno-spark-4-lite,,,,,
,,,Tecno,Spark 5 Air,32GB - 2GB RAM,"Rs14,499",5,Discontinued,https://priceoye.pk/mobiles/tecno/tecno-spark-5-air,,,,,
,,,Tecno,Spark 5 Pro,64GB - 4GB RAM,"Rs17,499",4.5,Discontinued,https://priceoye.pk/mobiles/tecno/tecno-spark-5-pro,,,,,
,,,Tecno,Spark 6,64GB - 4GB RAM,"Rs18,299",4.7,Discontinued,https://priceoye.pk/mobiles/tecno/tecno-spark-6,,,,,
,,,Tecno,Spark 6 Go,32GB - 2GB RAM,"Rs14,499",4.9,Discontinued,https://priceoye.pk/mobiles/tecno/tecno-spark-6-go,,,,,
,,,Tecno,Spark 7,32GB - 2GB RAM,"Rs14,599",4.8,Discontinued,https://priceoye.pk/mobiles/tecno/tecno-spark-7,,,,,
,,,Tecno,Spark 7 Pro,64GB - 4GB RAM,"Rs19,899",4.9,Discontinued,https://priceoye.pk/mobiles/tecno/tecno-spark-7-pro,,,,,
,,,Tecno,Spark 7T,64GB - 4GB RAM,"Rs21,299",4.7,Discontinued,https://priceoye.pk/mobiles/tecno/tecno-spark-7t,,,,,
,,,Tecno,Spark 8 Pro,64GB - 4GB RAM,"Rs38,199",4.9,Discontinued,https://priceoye.pk/mobiles/tecno/tecno-spark-8-pro,,,,,
,,,Tecno,Spark 8C,128GB - 4GB RAM,"Rs24,500",4.9,In Stock,https://priceoye.pk/mobiles/tecno/tecno-spark-8c,,,,,
,,,Tecno,Spark 9T,128GB - 4GB RAM,"Rs27,999",5,Out Of Stock,https://priceoye.pk/mobiles/tecno/tecno-spark-9t,,,,,
,,,Tecno,Spark 20C,128GB - 4GB RAM,"Rs26,299",4.9,Out Of Stock,https://priceoye.pk/mobiles/tecno/tecno-spark-20c,,,,,
,,,Tecno,Spark 20 Pro Plus,256GB - 8GB RAM,"Rs51,999",4.8,Out Of Stock,https://priceoye.pk/mobiles/tecno/tecno-spark-20-pro-plus,,,,,
,,,Tecno,Spark 20 Pro,256GB - 8GB RAM,"Rs38,999",4.9,Out Of Stock,https://priceoye.pk/mobiles/tecno/tecno-spark-20-pro,,,,,
Android,Performance,Smartphone,Tecno,Pova 5 Pro,256GB - 8GB RAM,"Rs42,999",4.9,Out Of Stock,https://priceoye.pk/mobiles/tecno/tecno-pova-5-pro,128247,67922,103218,119168,418555
,,,Tecno,Pop 7,64GB - 2GB RAM,"Rs17,899",4.9,Out Of Stock,https://priceoye.pk/mobiles/tecno/tecno-pop-7,,,,,
,,,Tecno,Pouvoir 4,32GB - 3GB RAM,"Rs16,999",5,Discontinued,https://priceoye.pk/mobiles/tecno/tecno-pouvoir-4,,,,,
,,,Tecno,Pouvoir 4 Pro,128GB - 6GB RAM,"Rs21,699",4.9,Discontinued,https://priceoye.pk/mobiles/tecno/tecno-pouvoir-4-pro,,,,,
,,,Tecno,Pova,128GB - 6GB RAM,"Rs22,099",4.9,Discontinued,https://priceoye.pk/mobiles/tecno/tecno-pova,,,,,
,,,Tecno,Pova 2,128GB - 6GB RAM,"Rs26,699",4.9,Discontinued,https://priceoye.pk/mobiles/tecno/tecno-pova-2,,,,,
,,,Vivo,Y03t,64GB - 4GB RAM,"Rs24,499",5,In Stock,https://priceoye.pk/mobiles/vivo/vivo-y03t,,,,,
Android,Performance,Smartphone,Tecno,Pova 6,256GB - 12GB RAM,"Rs58,099",5,In Stock,https://priceoye.pk/mobiles/tecno/tecno-pova-6,126432,70251,107019,113515,417217
,,,Tecno,Spark 20,128GB - 8GB RAM,"Rs27,499",4.9,Out Of Stock,https://priceoye.pk/mobiles/tecno/tecno-spark-20,,,,,
,,,Tecno,Pova 6 Neo,256GB - 8GB RAM,"Rs44,299",4.2,In Stock,https://priceoye.pk/mobiles/tecno/tecno-pova-6-neo,,,,,
,,,Tecno,Pova Neo,64GB - 4GB RAM,"Rs22,799",4.9,Out Of Stock,https://priceoye.pk/mobiles/tecno/tecno-pova-neo,,,,,
,,,Tecno,Pova Neo 2,128GB - 4GB RAM,"Rs36,499",5,Out Of Stock,https://priceoye.pk/mobiles/tecno/tecno-pova-neo-2,,,,,
,,,Tecno,Spark 10,128GB - 4GB RAM,"Rs25,999",4.9,Out Of Stock,https://priceoye.pk/mobiles/tecno/tecno-spark-10,,,,,
,,,Tecno,Spark 10 Pro,128GB - 8GB RAM,"Rs30,999",4.9,Out Of Stock,https://priceoye.pk/mobiles/tecno/tecno-spark-10-pro,,,,,
,,,Tecno,Spark 10C,128GB - 4GB RAM,"Rs23,999",4.9,Out Of Stock,https://priceoye.pk/mobiles/tecno/tecno-spark-10c,,,,,
,,,Tecno,Spark Go,16GB - 2GB RAM,"Rs12,499",4.2,Discontinued,https://priceoye.pk/mobiles/tecno/tecno-spark-go,,,,,
,,,Tecno,Spark Go 1,64GB - 4GB RAM,"Rs21,150",4.9,In Stock,https://priceoye.pk/mobiles/tecno/tecno-spark-go-1,,,,,
,,,Tecno,Spark Go 2023,64GB - 4GB RAM,"Rs22,000",4.9,Out Of Stock,https://priceoye.pk/mobiles/tecno/tecno-spark-go-2023,,,,,
,,,Vivo,X200 FE,512GB - 12GB RAM,"Rs213,999",5,In Stock,https://priceoye.pk/mobiles/vivo/vivo-x200-fe,,,,,
,,,Vivo,V30e,256GB - 8GB RAM,"Rs95,999",5,Out Of Stock,https://priceoye.pk/mobiles/vivo/vivo-v30e,,,,,
,,,Vivo,V40,256GB - 12GB RAM,"Rs126,899",4.7,Out Of Stock,https://priceoye.pk/mobiles/vivo/vivo-v40,,,,,
,,,Vivo,V40e,256GB - 8GB RAM,"Rs88,599",5,In Stock,https://priceoye.pk/mobiles/vivo/vivo-v40e,,,,,
,,,Vivo,V50,512GB - 12GB RAM,"Rs133,999",4.5,In Stock,https://priceoye.pk/mobiles/vivo/vivo-v50,,,,,
,,,Vivo,V50 Lite 5G,256GB - 12GB RAM,"Rs81,999",5,In Stock,https://priceoye.pk/mobiles/vivo/vivo-v50-lite-5g,,,,,
,,,Vivo,X200 Pro,512GB - 16GB RAM,"Rs299,999",5,In Stock,https://priceoye.pk/mobiles/vivo/vivo-x200-pro,,,,,
,,,Vivo,V29e,256GB - 8GB RAM,"Rs71,499",4.8,Discontinued,https://priceoye.pk/mobiles/vivo/vivo-v29e,,,,,
,,,Vivo,X200 Pro mini,256GB - 12GB RAM,"Rs268,000",4,Out Of Stock,https://phonebolee.com/Vivo-X200-Pro-Mini-Price-in-Pakistan/,,,,,
,,,Vivo,X70 Pro,256GB - 12GB RAM,"Rs130,999",5,Discontinued,https://priceoye.pk/mobiles/vivo/vivo-x70-pro,,,,,
,,,Vivo,X80,256GB - 12GB RAM,"Rs185,499",4.9,Discontinued,https://priceoye.pk/mobiles/vivo/vivo-x80,,,,,
,,,Vivo,Y01,32GB - 2GB RAM,"Rs23,400",5,Discontinued,https://priceoye.pk/mobiles/vivo/vivo-y01,,,,,
,,,Vivo,Y02,32GB - 3GB RAM,"Rs22,999",5,Discontinued,https://priceoye.pk/mobiles/vivo/vivo-y02,,,,,
,,,Vivo,Y02s,32GB - 3GB RAM,"Rs29,299",5,Discontinued,https://priceoye.pk/mobiles/vivo/vivo-y02s,,,,,
,,,Vivo,V30 5G,256GB - 12GB RAM,"Rs110,999",4.9,Out Of Stock,https://priceoye.pk/mobiles/vivo/vivo-v30-5g,,,,,
,,,Vivo,V25e,128GB - 8GB RAM,"Rs92,500",5,Discontinued,https://priceoye.pk/mobiles/vivo/vivo-v25e-activated,,,,,
,,,Tecno,Spark Go 2024,64GB - 2GB RAM,"Rs18,499",4.9,In Stock,https://priceoye.pk/mobiles/tecno/tecno-spark-go-2024,,,,,
,,,Vivo,iQOO Z9 Turbo,256GB - 12GB RAM,"Rs119,999",4,Rumored,https://phonebolee.com/Vivo-iQOO-Z9-Turbo-Price-in-Pakistan/,,,,,
,,,Vivo,iQOO Neo 10R,128GB - 8GB RAM,"Rs108,999",4,Rumored,https://phonebolee.com/Vivo-iQOO-Neo-10R-Price-in-Pakistan/,,,,,
,,,Vivo,iQOO Neo 9,256GB - 12GB RAM,"Rs103,999",4,Rumored,https://phonebolee.com/Vivo-iQOO-Neo-9-Price-in-Pakistan/,,,,,
,,,Vivo,iQOO Neo9S Pro+,256GB - 12GB RAM,"Rs159,999",4.5,Rumored,https://phonebolee.com/Vivo-iQOO-Neo-9s-Pro-Plus-Price-in-Pakistan/,,,,,
,,,Vivo,iQOO Z10 Turbo,512GB - 12GB RAM,"Rs92,999",4,Rumored,https://phonebolee.com/Vivo-iQOO-Z10-Turbo-Pro-Price-in-Pakistan/,,,,,
,,,Vivo,iQOO Z10x,128GB - 8GB RAM,"Rs119,999",4,Rumored,https://phonebolee.com/Vivo-iQOO-Z10x-Price-in-Pakistan/,,,,,
,,,Vivo,iQOO Z9,128GB - 8GB RAM,"Rs89,999",4,Rumored,https://phonebolee.com/Vivo-iQOO-Z9-Price-in-Pakistan/,,,,,
,,,Vivo,iQOO Z9 Turbo Lasting,256GB - 16GB RAM,"Rs148,999",4,Rumored,https://phonebolee.com/Vivo-iQOO-Z9-Turbo-Endurance-Price-in-Pakistan/,,,,,
,,,Vivo,S1 Pro,128GB - 8GB RAM,"Rs37,999",4.4,Discontinued,https://priceoye.pk/mobiles/vivo/vivo-s1-pro,,,,,
,,,Vivo,T4x 5G,128GB - 8GB RAM,"Rs60,000",4,Rumored,https://phonebolee.com/Vivo-T4x-Price-in-Pakistan/,,,,,
,,,Vivo,V20,128GB - 8GB RAM,"Rs52,400",5,Discontinued,https://priceoye.pk/mobiles/vivo/vivo-v20,,,,,
,,,Vivo,V23 5G,256GB - 12GB RAM,"Rs97,999",4.9,Discontinued,https://priceoye.pk/mobiles/vivo/vivo-v23-5g,,,,,
,,,Vivo,V23e,128GB - 8GB RAM,"Rs64,999",4.9,Discontinued,https://priceoye.pk/mobiles/vivo/vivo-v23e,,,,,
,,,Vivo,V25 5G,256GB - 12GB RAM,"Rs140,499",4.8,Discontinued,https://priceoye.pk/mobiles/vivo/vivo-v25,,,,,
,,,Tecno,Pop 5,32GB - 2GB RAM,"Rs17,299",4.8,Out Of Stock,https://priceoye.pk/mobiles/tecno/tecno-pop-5,,,,,
,,,Tecno,Pop 4,32GB - 2GB RAM,"Rs10,599",4.6,Discontinued,https://priceoye.pk/mobiles/tecno/tecno-pop-4,,,,,
,,,Samsung,Galaxy Z Flip 5,512GB - 8GB RAM,"Rs294,999",5,Discontinued,https://priceoye.pk/mobiles/samsung/samsung-galaxy-z-flip-5,,,,,
Android,Performance,Smartphone,Samsung,Galaxy S25,512GB - 12GB RAM,"Rs291,999",5,In Stock,https://priceoye.pk/mobiles/samsung/samsung-galaxy-s25,472546,819317,398287,327655,2017805
Android,Performance,Smartphone,Samsung,Galaxy S25 Ultra,512GB - 12GB RAM,"Rs393,999",4.9,In Stock,https://priceoye.pk/mobiles/samsung/samsung-galaxy-s25-ultra,555505,863727,412637,343434,2175303
,,,Samsung,Galaxy Z Flip,256GB - 8GB RAM,"Rs131,999",5,Discontinued,https://priceoye.pk/mobiles/samsung/samsung-galaxy-z-flip,,,,,
,,,Samsung,Galaxy Z Flip 3 5G,256GB - 8GB RAM,"Rs192,999",5,Discontinued,https://priceoye.pk/mobiles/samsung/samsung-galaxy-z-flip-3-5g,,,,,
,,,Samsung,Galaxy Z Flip 4,256GB - 8GB RAM,"Rs204,999",4.9,Discontinued,https://priceoye.pk/mobiles/samsung/samsung-galaxy-z-flip-4,,,,,
,,,Samsung,Galaxy Z Flip 6,512GB - 12GB RAM,"Rs329,500",5,In Stock,https://priceoye.pk/mobiles/samsung/z-flip-6,,,,,
Android,Performance,Smartphone,Samsung,Galaxy S24 FE,256GB - 8GB RAM,"Rs188,299",4.9,In Stock,https://priceoye.pk/mobiles/samsung/samsung-galaxy-s24-fe,376827,587411,315051,276666,1555955
,,,Samsung,Galaxy Z Fold 2,256GB - 12GB RAM,"Rs257,499",5,Discontinued,https://priceoye.pk/mobiles/samsung/samsung-galaxy-z-fold-2,,,,,
,,,Samsung,Galaxy Z Fold 3 5G,256GB - 12GB RAM,"Rs305,999",4.5,Discontinued,https://priceoye.pk/mobiles/samsung/samsung-galaxy-z-fold-3,,,,,
,,,Samsung,Galaxy Z Fold 4,256GB - 12GB RAM,"Rs340,000",4.9,Discontinued,https://priceoye.pk/mobiles/samsung/samsung-galaxy-z-fold-4,,,,,
,,,Samsung,Galaxy Z Fold 6,512GB - 12GB RAM,"Rs518,999",5,In Stock,https://priceoye.pk/mobiles/samsung/samsung-galaxy-z-fold-6,,,,,
Android,Performance,Smartphone,Samsung,Galaxy S24 Ultra,1TB-12GB,"Rs444,999",5,Discontinued,https://priceoye.pk/mobiles/samsung/samsung-galaxy-s24-ultra-12gb-1tb,431987,641168,361172,291928,1726255
,,,Vivo,Y04,64GB - 4GB RAM,"Rs26,299",5,In Stock,https://priceoye.pk/mobiles/vivo/vivo-y04,,,,,
,,,Tecno,Camon 15,64GB - 4GB RAM,"Rs19,999",4.7,Discontinued,https://priceoye.pk/mobiles/tecno/tecno-camon-15,,,,,
Android,Performance,Smartphone,Samsung,Galaxy S21 FE,128GB - 8GB RAM,"Rs144,999",4.8,Discontinued,https://priceoye.pk/mobiles/samsung/samsung-galaxy-s21-fe,181092,186513,137382,151353,656340
,,,Samsung,Galaxy S20 Plus,128GB - 8GB RAM,"Rs187,999",3,Discontinued,https://priceoye.pk/mobiles/samsung/samsung-galaxy-s20-plus,,,,,
,,,Samsung,Galaxy S20 Ultra,128GB - 12GB RAM,"Rs213,999",4.7,Discontinued,https://priceoye.pk/mobiles/samsung/samsung-galaxy-s20-ultra,,,,,
Android,Performance,Smartphone,Samsung,Galaxy S21,256GB - 8GB RAM,"Rs161,500",5,Discontinued,https://priceoye.pk/mobiles/samsung/samsung-galaxy-s21,208089,197040,129120,167884,702133
,,,Samsung,Galaxy S21 Plus,256GB - 8GB RAM,"Rs172,999",5,Discontinued,https://priceoye.pk/mobiles/samsung/samsung-galaxy-s21-plus,,,,,
,,,Vivo,Y100,128GB - 8GB RAM,"Rs49,999",4.9,Out Of Stock,https://priceoye.pk/mobiles/vivo/vivo-y100,,,,,
Android,Performance,Smartphone,Samsung,Galaxy S21 Ultra,256GB - 12GB RAM,"Rs225,499",5,Discontinued,https://priceoye.pk/mobiles/samsung/samsung-galaxy-s21-ultra,180274,181244,143897,160162,665577
Android,Performance,Smartphone,Samsung,Galaxy S22,256GB - 8GB RAM,"Rs194,999",4.9,Discontinued,https://priceoye.pk/mobiles/samsung/samsung-galaxy-s22,279804,257549,175391,205416,918160
Android,Performance,Smartphone,Samsung,Galaxy S22 Ultra,256GB - 12GB RAM,"Rs289,999",4.9,Discontinued,https://priceoye.pk/mobiles/samsung/samsung-galaxy-s22-ultra,276002,305517,198331,210424,990274
Android,Performance,Smartphone,Samsung,Galaxy S23,256GB - 8GB RAM,"Rs400,000",5,Discontinued,https://priceoye.pk/mobiles/samsung/samsung-galaxy-s23,352547,534428,262576,247901,1397452
Android,Performance,Smartphone,Samsung,Galaxy S23 FE,256GB - 8GB RAM,"Rs168,299",4.9,Out Of Stock,https://priceoye.pk/mobiles/samsung/samsung-galaxy-s23-fe,303488,390632,166484,219611,1080215
Android,Performance,Smartphone,Samsung,Galaxy S23 Ultra,256GB - 12GB RAM,"Rs332,999",4.6,Discontinued,https://priceoye.pk/mobiles/samsung/samsung-galaxy-s23-ultra,359284,550210,267648,255449,1432591
,,,Tecno,Camon 12 Air,64GB - 4GB RAM,"Rs19,499",2.8,Discontinued,https://priceoye.pk/mobiles/tecno/tecno-camon-12-air,,,,,
,,,Tecno,Camon 15 Pro,128GB - 6GB RAM,"Rs25,399",4.9,Discontinued,https://priceoye.pk/mobiles/tecno/tecno-camon-15-pro,,,,,
,,,Tecno,Phantom V Flip,256GB - 8GB RAM,"Rs125,499",5,In Stock,https://priceoye.pk/mobiles/tecno/tecno-phantom-v-flip,,,,,
Android,Performance,Smartphone,Tecno,Camon 40,256GB - 8GB RAM,"Rs53,799",5,In Stock,https://priceoye.pk/mobiles/tecno/tecno-camon-40,133038,69981,117354,108928,429301
,,,Tecno,Camon 40 Premier 5G,256GB - 12GB RAM,"Rs119,999",4.8,Out Of Stock,https://priceoye.pk/mobiles/tecno/tecno-camon-40-premier-5g,,,,,
Android,Performance,Smartphone,Tecno,Camon 40 Pro,256GB - 8GB RAM,"Rs62,999",4.6,In Stock,https://priceoye.pk/mobiles/tecno/tecno-camon-40-pro,201082,153144,149946,161161,665333
,,,Tecno,Camon i Ace 2,32GB - 2GB RAM,"Rs24,640",5,Discontinued,https://priceoye.pk/mobiles/tecno/tecno-camon-i-ace2,,,,,
,,,Tecno,Camon i Sky 3,32GB,"Rs15,499",4.8,Discontinued,https://priceoye.pk/mobiles/tecno/tecno-camon-i-sky-3,,,,,
,,,Tecno,Camon i4,32GB,"Rs18,199",4.1,Discontinued,https://priceoye.pk/mobiles/tecno/tecno-camon-i4,,,,,
,,,Tecno,Phantom V Flip 2 5G,256GB - 8GB RAM,"Rs104,999",5,Out Of Stock,https://priceoye.pk/mobiles/tecno/tecno-phantom-v-flip-2-5g,,,,,
,,,Tecno,Camon 30 Pro 5G,512GB - 12GB RAM,"Rs93,499",5,Out Of Stock,https://priceoye.pk/mobiles/tecno/tecno-camon-30-pro-5g,,,,,
,,,Tecno,Phantom V Fold,512GB - 12GB RAM,"Rs199,999",5,In Stock,https://priceoye.pk/mobiles/tecno/tecno-phantom-v-fold,,,,,
,,,Tecno,Phantom V Fold 2 5G,512GB - 12GB RAM,"Rs369,999",5,Out Of Stock,https://priceoye.pk/mobiles/tecno/tecno-phantom-v-fold-2-5g,,,,,
,,,Tecno,Pop 2,8GB,"Rs7,299",4.5,Discontinued,https://priceoye.pk/mobiles/tecno/tecno-pop-2,,,,,
,,,Tecno,Pop 2 Pro,16GB,"Rs11,299",4.8,Discontinued,https://priceoye.pk/mobiles/tecno/tecno-pop-2-pro,,,,,
,,,Tecno,Pop 2F,16GB - 1GB RAM,"Rs7,300",4.5,Discontinued,https://priceoye.pk/mobiles/tecno/tecno-pop-2f,,,,,
,,,Tecno,Pop 3,16GB - 1GB RAM,"Rs8,799",4.8,Discontinued,https://priceoye.pk/mobiles/tecno/tecno-pop-3,,,,,
,,,Tecno,Camon 30S,256GB - 8GB RAM,"Rs50,999",4.9,Out Of Stock,https://priceoye.pk/mobiles/tecno/tecno-camon-30s,,,,,
,,,Tecno,Camon 30 Premier 5G,512GB - 12GB RAM,"Rs129,999",5,Out Of Stock,https://priceoye.pk/mobiles/tecno/tecno-camon-30-premier-5g,,,,,
,,,Tecno,Camon 16,128GB - 8GB RAM,"Rs31,699",4.8,Discontinued,https://priceoye.pk/mobiles/tecno/tecno-camon-16,,,,,
,,,Tecno,Camon 18P,128GB - 8GB RAM,"Rs45,499",4.9,Out Of Stock,https://priceoye.pk/mobiles/tecno/tecno-camon-18p,,,,,
,,,Tecno,Camon 16 Premier,128GB - 8GB RAM,"Rs35,000",4.8,Discontinued,https://priceoye.pk/mobiles/tecno/tecno-camon-16-premier,,,,,
,,,Tecno,Camon 16 Pro,128GB - 6GB RAM,"Rs22,799",5,Discontinued,https://priceoye.pk/mobiles/tecno/tecno-camon-16-pro,,,,,
,,,Tecno,Camon 16 SE,128GB - 6GB RAM,"Rs22,599",4.8,Discontinued,https://priceoye.pk/mobiles/tecno/tecno-camon-16-se,,,,,
,,,Tecno,Camon 17,128GB - 6GB RAM,"Rs23,399",4.9,Discontinued,https://priceoye.pk/mobiles/tecno/tecno-camon-17,,,,,
,,,Tecno,Camon 17 Pro,128GB - 8GB RAM,"Rs31,999",5,Discontinued,https://priceoye.pk/mobiles/tecno/tecno-camon-17-pro,,,,,
,,,Tecno,Camon 18 Premier,256GB - 8GB RAM,"Rs74,999",4.9,Out Of Stock,https://priceoye.pk/mobiles/tecno/tecno-camon-18-premier,,,,,
,,,Tecno,Camon 18T,128GB - 4GB RAM,"Rs41,999",4.9,Out Of Stock,https://priceoye.pk/mobiles/tecno/tecno-camon-18t,,,,,
,,,Tecno,Camon 30,256GB - 12GB RAM,"Rs49,999",4.9,In Stock,https://priceoye.pk/mobiles/tecno/tecno-camon-30,,,,,
,,,Tecno,Camon 19 Neo,128GB - 6GB RAM,"Rs30,499",4.9,Out Of Stock,https://priceoye.pk/mobiles/tecno/tecno-camon-19-neo,,,,,
,,,Tecno,Camon 19 Pro,128GB - 8GB RAM,"Rs49,999",4.7,Out Of Stock,https://priceoye.pk/mobiles/tecno/tecno-camon-19-pro,,,,,
,,,Tecno,Camon 19 Pro Mondrian,128GB - 8GB RAM,"Rs64,999",5,Out Of Stock,https://priceoye.pk/mobiles/tecno/tecno-camon-19-pro-mondrian,,,,,
,,,Tecno,Camon 20,256GB - 8GB RAM,"Rs41,999",4.9,Out Of Stock,https://priceoye.pk/mobiles/tecno/tecno-camon-20,,,,,
,,,Tecno,Camon 20 Premier,512GB - 8GB RAM,"Rs124,999",5,Discontinued,https://priceoye.pk/mobiles/tecno/tecno-camon-20-premier,,,,,
Android,Performance,Smartphone,Tecno,Camon 20 Pro,256GB - 8GB RAM,"Rs43,999",4.9,Out Of Stock,https://priceoye.pk/mobiles/tecno/tecno-camon-20-pro,196847,179786,170165,192196,738994
,,,Realme,8,128GB - 8GB RAM,"Rs37,199",4,Discontinued,https://priceoye.pk/mobiles/realme/realme-8,,,,,
,,,Realme,7 Pro,128GB - 8GB RAM,"Rs49,999",4.9,Discontinued,https://priceoye.pk/mobiles/realme/realme-7-pro,,,,,
,,,Vivo,Y02t,64GB - 4GB RAM,"Rs22,499",4.9,Discontinued,https://priceoye.pk/mobiles/vivo/vivo-y02t,,,,,
Android,Performance,Smartphone,Infinix,Note 40,256GB - 8GB RAM,"Rs57,999",4.8,Out Of Stock,https://priceoye.pk/mobiles/infinix/infinix-note-40,127859,70436,109806,112906,421007
,,,Infinix,S5 Lite,64GB - 4GB RAM,"Rs19,999",4.4,Discontinued,https://priceoye.pk/mobiles/infinix/infinix-s5-lite,,,,,
,,,Infinix,S5,64GB - 4GB RAM,"Rs20,999",4.5,Discontinued,https://priceoye.pk/mobiles/infinix/infinix-s5,,,,,
,,,Infinix,S4,64GB - 4GB RAM,"Rs23,499",5,Discontinued,https://priceoye.pk/mobiles/infinix/infinix-s4,,,,,
,,,Infinix,Note 8i,128GB - 6GB RAM,"Rs24,699",4.8,Discontinued,https://priceoye.pk/mobiles/infinix/infinix-note-8i,,,,,
,,,Infinix,Note 8,128GB - 6GB RAM,"Rs27,699",4.4,Discontinued,https://priceoye.pk/mobiles/infinix/infinix-note-8,,,,,
,,,Infinix,Note 7 Lite,64GB - 4GB RAM,"Rs20,400",4,Discontinued,https://priceoye.pk/mobiles/infinix/infinix-note-7-lite,,,,,
,,,Infinix,Note 7,64GB - 4GB RAM,"Rs24,999",4.6,Discontinued,https://priceoye.pk/mobiles/infinix/infinix-note-7,,,,,
,,,Vivo,Y30,64GB - 4GB RAM,"Rs27,499",1,Discontinued,https://priceoye.pk/mobiles/vivo/vivo-y30,,,,,
,,,Vivo,Y33s,128GB - 8GB RAM,"Rs51,999",4.8,Discontinued,https://priceoye.pk/mobiles/vivo/vivo-y33s,,,,,
Android,Performance,Smartphone,Infinix,Note 50 Pro,256GB - 12GB RAM,"Rs74,849",4.6,In Stock,https://priceoye.pk/mobiles/infinix/infinix-note-50-pro,130302,70634,112676,110744,424356
Android,Performance,Smartphone,Infinix,Note 50,256GB - 8GB RAM,"Rs58,500",4.9,In Stock,https://priceoye.pk/mobiles/infinix/infinix-note-50,131403,70680,114551,108765,425399
,,,Infinix,Note 40 Pro Plus,256GB - 12GB RAM,"Rs68,499",5,In Stock,https://priceoye.pk/mobiles/infinix/infinix-note-40-pro-plus,,,,,
,,,Infinix,Note 40 Pro,256GB - 12GB RAM,"Rs63,899",4.8,In Stock,https://priceoye.pk/mobiles/infinix/infinix-note-40-pro,,,,,
,,,Infinix,Note 30 VIP,256GB - 12GB RAM,"Rs97,999",5,Discontinued,https://priceoye.pk/mobiles/infinix/infinix-note-30-vip,,,,,
,,,Infinix,Smart 2,16GB,"Rs10,999",4.3,Discontinued,https://priceoye.pk/mobiles/infinix/infinix-smart-2,,,,,
,,,Vivo,Y35,128GB - 8GB RAM,"Rs80,199",4.9,Discontinued,https://priceoye.pk/mobiles/vivo/vivo-y35,,,,,
,,,Infinix,Note 12 VIP,256GB - 8GB RAM,"Rs89,999",4.9,Discontinued,https://priceoye.pk/mobiles/infinix/infinix-note-12-vip,,,,,
,,,Infinix,Note 12 G96,128GB - 8GB RAM,"Rs45,499",4.9,Discontinued,https://priceoye.pk/mobiles/infinix/infinix-note-12-g96,,,,,
,,,Infinix,Note 12 G88,128GB - 6GB RAM,"Rs38,999",4.9,Discontinued,https://priceoye.pk/mobiles/infinix/infinix-note-12-g88,,,,,
,,,Infinix,Note 11 Pro,128GB - 8GB RAM,"Rs34,799",4.9,Discontinued,https://priceoye.pk/mobiles/infinix/infinix-note-11-pro,,,,,
,,,Infinix,Note 11,128GB - 4GB RAM,"Rs28,199",4.9,Discontinued,https://priceoye.pk/mobiles/infinix/infinix-note-11,,,,,
,,,Infinix,Note 10 Pro,128GB - 8GB RAM,"Rs33,999",4.9,Discontinued,https://priceoye.pk/mobiles/infinix/infinix-note-10-pro,,,,,
,,,Infinix,Note 10,128GB - 6GB RAM,"Rs26,099",4.9,Discontinued,https://priceoye.pk/mobiles/infinix/infinix-note-10,,,,,
,,,Infinix,Hot 9 Pro,128GB - 4GB RAM,"Rs21,999",5,Discontinued,https://priceoye.pk/mobiles/infinix/infinix-hot-9-pro,,,,,
,,,Infinix,Hot 9 Play,32GB - 2GB RAM,"Rs15,999",4.9,Discontinued,https://priceoye.pk/mobiles/infinix/infinix-hot-9-play,,,,,
,,,Infinix,Hot 9,32GB - 3GB RAM,"Rs17,499",4.7,Discontinued,https://priceoye.pk/mobiles/infinix/infinix-hot-9,,,,,
,,,Infinix,Hot 8 Lite,32GB - 2GB RAM,"Rs12,700",4.6,Discontinued,https://priceoye.pk/mobiles/infinix/infinix-hot-8-lite,,,,,
,,,Infinix,Hot 8,32GB - 3GB RAM,"Rs16,999",4.8,Discontinued,https://priceoye.pk/mobiles/infinix/infinix-hot-8,,,,,
,,,Infinix,S5 Pro,64GB - 4GB RAM,"Rs23,499",4.5,Discontinued,https://priceoye.pk/mobiles/infinix/infinix-s5-pro,,,,,
,,,Infinix,Smart 3 Plus,32GB,"Rs15,499",4,Discontinued,https://priceoye.pk/mobiles/infinix/infinix-smart-3-plus,,,,,
,,,Infinix,Hot 50i,128GB - 6GB RAM,"Rs26,500",4.8,In Stock,https://priceoye.pk/mobiles/infinix/infinix-hot-50i,,,,,
,,,Infinix,Zero 8,128GB - 8GB RAM,"Rs34,099",4.6,Discontinued,https://priceoye.pk/mobiles/infinix/infinix-zero-8,,,,,
,,,Itel,A60s,128GB - 4GB RAM,"Rs18,999",4.9,Out Of Stock,https://priceoye.pk/mobiles/itel/itel-a60s,,,,,
,,,Itel,A50C,32GB - 2GB RAM,"Rs14,499",5,Out Of Stock,https://priceoye.pk/mobiles/itel/a50c,,,,,
,,,Itel,A50,64GB - 4GB RAM,"Rs17,099",4.9,In Stock,https://priceoye.pk/mobiles/itel/itel-a50,,,,,
,,,Itel,A49 Play,32GB - 2GB RAM,"Rs16,399",4.9,Out Of Stock,https://priceoye.pk/mobiles/itel/itel-a49-play,,,,,
,,,Itel,A49,32GB - 2GB RAM,"Rs13,399",4.9,Out Of Stock,https://priceoye.pk/mobiles/itel/itel-a49,,,,,
,,,Itel,A36,16GB - 1GB RAM,"Rs8,499",5,Discontinued,https://priceoye.pk/mobiles/itel/itel-a36,,,,,
,,,Itel,A27,32GB - 2GB RAM,"Rs15,599",4.8,Discontinued,https://priceoye.pk/mobiles/itel/itel-a27,,,,,
,,,Realme,6i,128GB - 4GB RAM,"Rs29,999",3,Discontinued,https://priceoye.pk/mobiles/realme/realme-6i,,,,,
,,,Itel,A17,16GB - 1GB RAM,"Rs10,599",4.9,Out Of Stock,https://priceoye.pk/mobiles/itel/itel-a17,,,,,
,,,Itel,A05s,64GB - 4GB RAM,"Rs17,299",4.9,In Stock,https://priceoye.pk/mobiles/itel/itel-a05s,,,,,
,,,Infinix,Zero X Pro,128GB - 8GB RAM,"Rs49,999",4.9,Discontinued,https://priceoye.pk/mobiles/infinix/infinix-zero-x-pro,,,,,
,,,Infinix,Zero X Neo,128GB - 8GB RAM,"Rs31,799",4.9,Discontinued,https://priceoye.pk/mobiles/infinix/infinix-zero-x-neo,,,,,
,,,Infinix,Zero flip,512GB - 16GB RAM,"Rs109,999",4.8,In Stock,https://priceoye.pk/mobiles/infinix/infinix-zero-flip,,,,,
,,,Infinix,Zero 8i,128GB - 8GB RAM,"Rs30,199",4.7,Discontinued,https://priceoye.pk/mobiles/infinix/infinix-zero-8i,,,,,
,,,Infinix,Zero 5,64GB - 6GB RAM,"Rs24,999",3,Discontinued,https://priceoye.pk/mobiles/infinix/infinix-zero-5,,,,,
,,,Infinix,Smart 4,16GB - 1GB RAM,"Rs10,999",4.2,Discontinued,https://priceoye.pk/mobiles/infinix/infinix-smart-4,,,,,
,,,Infinix,Zero 40 4G,256GB - 8GB RAM,"Rs53,999",4.8,In Stock,https://priceoye.pk/mobiles/infinix/infinix-zero-40-4g,,,,,
,,,Infinix,Zero 20,256GB - 8GB RAM,"Rs79,999",4.8,Discontinued,https://priceoye.pk/mobiles/infinix/infinix-zero-20,,,,,
,,,Infinix,Zero 5G,128GB - 8GB RAM,"Rs46,999",4.8,Discontinued,https://priceoye.pk/mobiles/infinix/infinix-zero-5g,,,,,
,,,Infinix,Smart HD,32GB - 2GB RAM,"Rs14,599",4.8,Discontinued,https://priceoye.pk/mobiles/infinix/infinix-smart-hd,,,,,
,,,Infinix,Smart 9 HD,64GB - 4GB RAM,"Rs21,599",4.7,In Stock,https://priceoye.pk/mobiles/infinix/infinix-smart-9-hd,,,,,
,,,Infinix,Smart 9,128GB - 4GB RAM,"Rs24,999",4.7,In Stock,https://priceoye.pk/mobiles/infinix/infinix-smart-9,,,,,
,,,Infinix,Smart 8,64GB - 2GB RAM,"Rs18,699",4.8,In Stock,https://priceoye.pk/mobiles/infinix/infinix-smart-8,,,,,
,,,Infinix,Smart 7 HD,64GB - 2GB RAM,"Rs17,499",4.9,Discontinued,https://priceoye.pk/mobiles/infinix/infinix-smart-7-hd,,,,,
,,,Infinix,Smart 7,64GB - 4GB RAM,"Rs24,499",4.9,Discontinued,https://priceoye.pk/mobiles/infinix/infinix-smart-7,,,,,
,,,Infinix,Smart 6 HD,32GB - 2GB RAM,"Rs14,999",5,Discontinued,https://priceoye.pk/mobiles/infinix/infinix-smart-6-hd,,,,,
,,,Infinix,Smart 6,32GB - 2GB RAM,"Rs18,799",4.9,Discontinued,https://priceoye.pk/mobiles/infinix/infinix-smart-6,,,,,
,,,Infinix,Smart 5 Pro,32GB - 2GB RAM,"Rs15,199",5,Discontinued,https://priceoye.pk/mobiles/infinix/infinix-smart-5-pro,,,,,
,,,Infinix,Smart 5,32GB - 2GB RAM,"Rs14,949",4.9,Discontinued,https://priceoye.pk/mobiles/infinix/infinix-smart-5,,,,,
,,,Infinix,Hot 7 Pro,64GB,"Rs19,999",4.4,Discontinued,https://priceoye.pk/mobiles/infinix/infinix-hot-7-pro,,,,,
,,,Infinix,Hot 50 Pro Plus,256GB - 8GB RAM,"Rs48,500",4.8,In Stock,https://priceoye.pk/mobiles/infinix/infinix-hot-50-pro-plus,,,,,
,,,Itel,A70 Pro,256GB - 4GB RAM,"Rs21,599",4.7,Out Of Stock,https://priceoye.pk/mobiles/itel/itel-a70-pro,,,,,
,,,ZTE,Blade A51,64GB - 2GB RAM,"Rs13,300",4.9,Out Of Stock,https://priceoye.pk/mobiles/zte/zte-blade-a51,,,,,
iOS,iOS Performance,Smartphone,Apple,iPhone 16 Pro Max,256GB,"Rs438,999",5,In Stock,https://priceoye.pk/mobiles/apple/apple-iphone-16-pro-max,430971,618672,241403,362075,1653121
iOS,iOS Performance,Smartphone,Apple,iPhone 16 Pro,256GB,"Rs411,999",5,In Stock,https://priceoye.pk/mobiles/apple/apple-iphone-16-pro,417170,613967,244874,360075,1636086
iOS,iOS Performance,Smartphone,Apple,iPhone 16 Plus,128GB,"Rs329,999",5,In Stock,https://priceoye.pk/mobiles/apple/apple-iphone-16-plus,412256,612168,176823,355220,1556467
iOS,iOS Performance,Smartphone,Apple,iPhone 16,128GB,"Rs299,999",4.8,In Stock,https://priceoye.pk/mobiles/apple/apple-iphone-16,400426,587037,174402,351274,1513139
iOS,iOS Performance,Smartphone,Apple,iPhone 15 Pro Max,256GB,"Rs392,000",5,Out Of Stock,https://priceoye.pk/mobiles/apple/apple-iphone-15-pro-max,354129,497733,258318,343458,1453638
Android,Performance,Smartphone,Xiaomi,15,512GB - 12GB RAM,"Rs269,999",5,Out Of Stock,https://priceoye.pk/mobiles/xiaomi/xiaomi-15,547910,1032535,438541,358803,2377789
Android,Performance,Smartphone,Xiaomi,15 Ultra,512GB - 16GB RAM,"Rs379,999",5,In Stock,https://priceoye.pk/mobiles/xiaomi/xiaomi-15-ultra,529438,1033331,471112,415856,2449737
,,,Xiaomi,Mix Flip,512GB - 12GB RAM,"Rs324,999",5,In Stock,https://priceoye.pk/mobiles/xiaomi/xiaomi-mix-flip,,,,,
,,,Xiaomi,Note 10,128GB - 6GB RAM,"Rs79,999",5,Discontinued,https://priceoye.pk/mobiles/xiaomi/xiaomi-mi-note-10,,,,,
,,,Xiaomi,Note 10 Lite,128GB - 6GB RAM,"Rs57,999",5,Discontinued,https://priceoye.pk/mobiles/xiaomi/xiaomi-mi-note-10-lite,,,,,
,,,Xiaomi,Note 10 Pro,256GB - 8GB RAM,"Rs89,999",5,Discontinued,https://priceoye.pk/mobiles/xiaomi/xiaomi-mi-note-10-pro,,,,,
iOS,iOS Performance,Smartphone,Apple,iPhone 14,128GB,"Rs200,500",4.9,In Stock,https://priceoye.pk/mobiles/apple/apple-iphone-14,307493,431391,222309,307978,1269171
,,,ZTE,Blade A31 Plus,32GB - 2GB RAM,"Rs11,399",4.8,Out Of Stock,https://priceoye.pk/mobiles/zte/zte-blade-a31-plus,,,,,
,,,ZTE,Blade A35,64GB - 4GB RAM,"Rs15,399",4.9,In Stock,https://priceoye.pk/mobiles/zte/zte-blade-a35,,,,,
iOS,iOS Performance,Smartphone,Apple,iPhone 13,128GB,"Rs175,999",5,In Stock,https://priceoye.pk/mobiles/apple/apple-iphone-13,284698,378821,216051,303932,1183502
Android,Performance,Smartphone,Xiaomi,14T Pro,512GB - 12GB RAM,"Rs229,999",4.9,Out Of Stock,https://priceoye.pk/mobiles/xiaomi/xiaomi-14t-pro,415038,619854,373858,318154,1726904
,,,ZTE,Blade A52,64GB - 4GB RAM,"Rs14,299",4.9,Out Of Stock,https://priceoye.pk/mobiles/zte/zte-blade-a52,,,,,
,,,ZTE,Blade A53 Pro,64GB - 4GB RAM,"Rs14,999",4.8,Out Of Stock,https://priceoye.pk/mobiles/zte/zte-blade-a53-pro,,,,,
,,,ZTE,Blade A54,64GB - 4GB RAM,"Rs18,999",4.8,Out Of Stock,https://priceoye.pk/mobiles/zte/zte-blade-a54,,,,,
,,,ZTE,Blade A55,64GB - 4GB RAM,"Rs15,999",4.8,Out Of Stock,https://priceoye.pk/mobiles/zte/zte-blade-a55,,,,,
,,,ZTE,Blade A72s,128GB - 4GB RAM,"Rs22,499",4.9,Out Of Stock,https://priceoye.pk/mobiles/zte/zte-blade-a72s,,,,,
,,,ZTE,Blade V30 Vita,128GB - 4GB RAM,"Rs17,399",4.9,Out Of Stock,https://priceoye.pk/mobiles/zte/zte-blade-v30-vita,,,,,
iOS,iOS Performance,Smartphone,Apple,iPhone 11,128GB,"Rs140,999",4.7,In Stock,https://priceoye.pk/mobiles/apple/apple-iphone-xi,159228,244292,139754,225892,769166
,,,ZTE,Blade V50 Design,256GB - 8GB RAM,"Rs27,999",4.7,Out Of Stock,https://priceoye.pk/mobiles/zte/zte-blade-v50-design,,,,,
,,,ZTE,Blade V60 Smart,128GB - 8GB RAM,"Rs18,999",4.5,In Stock,https://priceoye.pk/mobiles/zte/zte-blade-v60-smart,,,,,
,,,ZTE,Nubia Focus 5g,256GB - 6GB RAM,"Rs33,699",5,In Stock,https://priceoye.pk/mobiles/zte/zte-nubia-focus-5g,,,,,
,,,ZTE,Nubia Focus Pro 5G,256GB - 8GB RAM,"Rs45,699",4,In Stock,https://priceoye.pk/mobiles/zte/zte-nubia-focus-pro-5g,,,,,
,,,ZTE,Nubia Music,128GB - 8GB RAM,"Rs19,799",5,In Stock,https://priceoye.pk/mobiles/zte/zte-nubia-music,,,,,
,,,ZTE,Nubia Neo 2 5G,256GB - 8GB RAM,"Rs42,999",4.9,In Stock,https://priceoye.pk/mobiles/zte/zte-nubia-neo-2-5g,,,,,
,,,ZTE,Nubia V60 Design,256GB - 16GB RAM,"Rs21,999",4.6,In Stock,https://priceoye.pk/mobiles/zte/zte-nubia-v60-design,,,,,
iOS,iOS Performance,Smartphone,Apple,iPhone 16e,128GB,"Rs283,799",5,In Stock,https://priceoye.pk/mobiles/apple/apple-iphone-16e,348686,458512,170195,344681,1322074
,,,Xiaomi,14T,512GB - 12GB RAM,"Rs159,999",4.9,Out Of Stock,https://priceoye.pk/mobiles/xiaomi/xiaomi-14t,,,,,
Android,Performance,Smartphone,Infinix,Hot 50 Pro,128GB - 8GB RAM,"Rs37,999",4.8,In Stock,https://priceoye.pk/mobiles/infinix/infinix-hot-50-pro,128815,68757,111293,111197,420062
,,,Vivo,Y53s,128GB - 8GB RAM,"Rs35,899",4.9,Discontinued,https://priceoye.pk/mobiles/vivo/vivo-y53s,,,,,
Android,Performance,Smartphone,Infinix,Hot 50,128GB - 8GB RAM,"Rs35,599",4.9,In Stock,https://priceoye.pk/mobiles/infinix/infinix-hot-50,128879,63894,108125,109546,410444
,,,Vivo,Y51,128GB - 4GB RAM,"Rs32,300",5,Discontinued,https://priceoye.pk/mobiles/vivo/vivo-y51,,,,,
,,,Infinix,Hot 20i,128GB - 4GB RAM,"Rs25,499",4.9,Discontinued,https://priceoye.pk/mobiles/infinix/infinix-hot-20i,,,,,
,,,Infinix,Hot 12i,64GB - 4GB RAM,"Rs34,299",4.9,Discontinued,https://priceoye.pk/mobiles/infinix/infinix-hot-12i,,,,,
,,,Infinix,Hot 12 Play,64GB - 4GB RAM,"Rs28,299",4.9,Discontinued,https://priceoye.pk/mobiles/infinix/infinix-hot-12-play,,,,,
,,,Infinix,Hot 12,64GB - 4GB RAM,"Rs23,299",4.9,Discontinued,https://priceoye.pk/mobiles/infinix/infinix-hot-12,,,,,
,,,Infinix,Hot 11S,64GB - 4GB RAM,"Rs21,899",4.9,Discontinued,https://priceoye.pk/mobiles/infinix/infinix-hot-11s,,,,,
,,,Infinix,Hot 11 Play,128GB - 4GB RAM,"Rs26,499",4.9,Discontinued,https://priceoye.pk/mobiles/infinix/infinix-hot-11-play,,,,,
,,,Infinix,Hot 11,64GB - 4GB RAM,"Rs20,499",4.9,Discontinued,https://priceoye.pk/mobiles/infinix/infinix-hot-11,,,,,
,,,Infinix,Hot 10S,128GB - 6GB RAM,"Rs23,699",4.8,Discontinued,https://priceoye.pk/mobiles/infinix/infinix-hot-10s,,,,,
,,,Infinix,Hot 10i,128GB - 4GB RAM,"Rs19,699",4.9,Discontinued,https://priceoye.pk/mobiles/infinix/infinix-hot-10i,,,,,
,,,Infinix,Hot 10 Play,32GB - 2GB RAM,"Rs15,299",4.9,Discontinued,https://priceoye.pk/mobiles/infinix/infinix-hot-10-play,,,,,
,,,Infinix,Hot 10,64GB - 4GB RAM,"Rs19,599",4.8,Discontinued,https://priceoye.pk/mobiles/infinix/infinix-hot-10,,,,,
,,,Vivo,Y55,128GB - 8GB RAM,"Rs77,299",4.8,Discontinued,https://priceoye.pk/mobiles/vivo/vivo-y55,,,,,
,,,Xiaomi,14 Ultra,512GB - 16GB RAM,"Rs369,599",5,Out Of Stock,https://priceoye.pk/mobiles/xiaomi/xiaomi-14-ultra,,,,,
,,,Vivo,Y73,128GB - 8GB RAM,"Rs63,500",4.9,Discontinued,https://priceoye.pk/mobiles/vivo/vivo-y73,,,,,
,,,Xiaomi,10,256GB - 8GB RAM,"Rs148,999",5,Discontinued,https://priceoye.pk/mobiles/xiaomi/xiaomi-mi-10,,,,,
,,,Xiaomi,10T,128GB - 8GB RAM,"Rs58,799",4.3,Discontinued,https://priceoye.pk/mobiles/xiaomi/xiaomi-mi-10t,,,,,
,,,Xiaomi,10T Lite,128GB - 6GB RAM,"Rs46,799",3,Discontinued,https://priceoye.pk/mobiles/xiaomi/xiaomi-mi-10t-lite,,,,,
,,,Xiaomi,11,256GB - 8GB RAM,"Rs144,999",5,Discontinued,https://priceoye.pk/mobiles/xiaomi/xiaomi-mi-11,,,,,
,,,Xiaomi,11 Lite,128GB - 6GB RAM,"Rs43,599",4.6,Discontinued,https://priceoye.pk/mobiles/xiaomi/xiaomi-mi-11-lite,,,,,
,,,Xiaomi,11 Lite 5G NE,128GB - 6GB RAM,"Rs55,899",4.9,Discontinued,https://priceoye.pk/mobiles/xiaomi/xiaomi-11-lite-5g-ne,,,,,
,,,Xiaomi,11T,128GB - 8GB RAM,"Rs69,399",4.7,Discontinued,https://priceoye.pk/mobiles/xiaomi/xiaomi-11t,,,,,
Android,Performance,Smartphone,Xiaomi,11T Pro,256GB - 8GB RAM,"Rs104,999",5,Discontinued,https://priceoye.pk/mobiles/xiaomi/xiaomi-11t-pro,213745,242858,167247,203101,826951
,,,Xiaomi,12,256GB - 12GB RAM,"Rs199,999",4.9,Discontinued,https://priceoye.pk/mobiles/xiaomi/xiaomi-12,,,,,
,,,Xiaomi,12 Pro,256GB - 12GB RAM,"Rs199,999",5,Discontinued,https://priceoye.pk/mobiles/xiaomi/xiaomi-12-pro,,,,,
,,,Xiaomi,13T,256GB - 12GB RAM,"Rs160,999",4.8,Discontinued,https://priceoye.pk/mobiles/xiaomi/xiaomi-13t,,,,,
Android,Performance,Smartphone,Xiaomi,13T Pro,512GB - 12GB RAM,"Rs229,999",5,Discontinued,https://priceoye.pk/mobiles/xiaomi/xiaomi-13t-pro,347553,507514,291051,256243,1402361
Android,Performance,Smartphone,Xiaomi,14,512GB - 12GB RAM,"Rs261,999",4.1,In Stock,https://priceoye.pk/mobiles/xiaomi/xiaomi-14,418109,802088,386018,312806,1919021
,,,Itel,A70,128GB - 4GB RAM,"Rs19,899",4.9,Out Of Stock,https://priceoye.pk/mobiles/itel/itel-a70,,,,,
,,,Itel,A26,32GB - 2GB RAM,"Rs16,399",4.9,Out Of Stock,https://priceoye.pk/mobiles/itel/itel-a26,,,,,
,,,Itel,A80,128GB - 8GB RAM,"Rs18,899",4.5,In Stock,https://priceoye.pk/mobiles/itel/itel-a80,,,,,
,,,Oppo,Reno 13F,256GB - 8GB RAM,"Rs73,399",4,In Stock,https://priceoye.pk/mobiles/oppo/oppo-reno-13f,,,,,
Android,Performance,Smartphone,Poco,F3,128GB - 6GB RAM,"Rs58,199",5,Discontinued,https://priceoye.pk/mobiles/xiaomi/xiaomi-poco-f3,223104,213290,144879,192132,773405
,,,Poco,F2 Pro,256GB - 8GB RAM,"Rs105,600",5,Discontinued,https://priceoye.pk/mobiles/xiaomi/poco-f2-pro,,,,,
,,,Poco,C75,256GB - 8GB RAM,"Rs29,799",4.9,In Stock,https://priceoye.pk/mobiles/xiaomi/xiaomi-poco-c75,,,,,
,,,Poco,C65,128GB - 6GB RAM,"Rs35,999",4.8,Out Of Stock,https://priceoye.pk/mobiles/xiaomi/xiaomi-poco-c65,,,,,
,,,Oppo,Reno 6 Pro 5G,256GB - 12GB RAM,"Rs109,499",4.8,Discontinued,https://priceoye.pk/mobiles/oppo/oppo-reno-6-pro-5g,,,,,
,,,Oppo,Reno 6,128GB - 8GB RAM,"Rs61,900",4.9,Discontinued,https://priceoye.pk/mobiles/oppo/oppo-reno-6,,,,,
,,,Oppo,Reno 5 Pro,256GB - 12GB RAM,"Rs82,000",5,Discontinued,https://priceoye.pk/mobiles/oppo/oppo-reno-5-pro,,,,,
,,,Oppo,Reno 5,128GB - 8GB RAM,"Rs55,900",5,Discontinued,https://priceoye.pk/mobiles/oppo/oppo-reno-5-5g,,,,,
,,,Oppo,Reno 4 Pro,256GB - 8GB RAM,"Rs81,700",5,Discontinued,https://priceoye.pk/mobiles/oppo/oppo-reno-4-pro,,,,,
,,,Oppo,Reno 4,128GB - 8GB RAM,"Rs60,800",4.5,Discontinued,https://priceoye.pk/mobiles/oppo/oppo-reno-4,,,,,
,,,Oppo,Reno 3 Pro,128GB - 8GB RAM,"Rs57,500",5,Discontinued,https://priceoye.pk/mobiles/oppo/oppo-reno-3-pro,,,,,
,,,Oppo,Reno 3,128GB - 8GB RAM,"Rs45,900",5,Discontinued,https://priceoye.pk/mobiles/oppo/oppo-reno-3,,,,,
,,,Oppo,Reno 2F,128GB - 8GB RAM,"Rs44,699",4.4,Discontinued,https://priceoye.pk/mobiles/oppo/oppo-reno-2f,,,,,
,,,Oppo,Reno 2,256GB - 8GB RAM,"Rs67,100",4.5,Discontinued,https://priceoye.pk/mobiles/oppo/oppo-reno-2,,,,,
,,,Oppo,Reno 13 Pro,512GB - 12GB RAM,"Rs219,999",5,Out Of Stock,https://priceoye.pk/mobiles/oppo/oppo-reno-13-pro,,,,,
,,,Poco,F4 GT,256GB - 12GB RAM,"Rs138,499",5,Discontinued,https://priceoye.pk/mobiles/xiaomi/xiaomi-poco-f4-gt,,,,,
,,,Oppo,Reno 13,256GB - 12GB RAM,"Rs136,499",5,In Stock,https://priceoye.pk/mobiles/oppo/oppo-reno-13,,,,,
,,,Oppo,Reno 12F 4G,256GB - 8GB RAM,"Rs49,899",4.8,Out Of Stock,https://priceoye.pk/mobiles/oppo/oppo-reno-12-f,,,,,
,,,Oppo,Reno 12 5G,512GB - 12GB RAM,"Rs144,999",5,Out Of Stock,https://priceoye.pk/mobiles/oppo/oppo-reno-12,,,,,
,,,Oppo,Reno 11F 5G,256GB - 8GB RAM,"Rs78,999",4.8,Out Of Stock,https://priceoye.pk/mobiles/oppo/oppo-reno-11f-5g,,,,,
,,,Oppo,Reno 11 5G,256GB - 12GB RAM,"Rs89,999",4.9,Out Of Stock,https://priceoye.pk/mobiles/oppo/oppo-reno-11-5g,,,,,
,,,Itel,A90,128GB - 4GB RAM,"Rs19,999",5,Out Of Stock,https://priceoye.pk/mobiles/itel/itel-a90,,,,,
,,,Oppo,Find X2 Pro,256GB - 12GB RAM,"Rs170,700",5,Discontinued,https://priceoye.pk/mobiles/oppo/oppo-find-x2-pro,,,,,
,,,Oppo,F21 Pro 5G,128GB - 8GB RAM,"Rs98,800",5,Discontinued,https://priceoye.pk/mobiles/oppo/oppo-f21-pro-5g-activated,,,,,
,,,Oppo,F19 Pro,128GB - 8GB RAM,"Rs48,000",4.8,Discontinued,https://priceoye.pk/mobiles/oppo/oppo-f19-pro,,,,,
,,,Oppo,F19,128GB - 6GB RAM,"Rs34,600",4.9,Discontinued,https://priceoye.pk/mobiles/oppo/oppo-f19,,,,,
,,,Oppo,F17 Pro,128GB - 8GB RAM,"Rs41,100",4.9,Discontinued,https://priceoye.pk/mobiles/oppo/oppo-f17-pro,,,,,
,,,Vivo,Y21A 2021,64GB - 4GB RAM,"Rs33,599",5,Discontinued,https://priceoye.pk/mobiles/vivo/vivo-y21a-2021,,,,,
,,,Vivo,Y21,64GB - 4GB RAM,"Rs53,499",4.9,Discontinued,https://priceoye.pk/mobiles/vivo/vivo-y21,,,,,
,,,Oppo,F15,128GB - 8GB RAM,"Rs38,900",4.6,Discontinued,https://priceoye.pk/mobiles/oppo/oppo-f15,,,,,
,,,Vivo,Y18,128GB - 6GB RAM,"Rs36,999",4.9,In Stock,https://priceoye.pk/mobiles/vivo/vivo-y18,,,,,
,,,Realme,6 Pro,128GB - 8GB RAM,"Rs41,500",5,Discontinued,https://priceoye.pk/mobiles/realme/realme-6-pro,,,,,
,,,Realme,6,128GB - 4GB RAM,"Rs36,500",5,Discontinued,https://priceoye.pk/mobiles/realme/realme-6,,,,,
,,,Realme,5S,128GB - 4GB RAM,"Rs29,999",4,Discontinued,https://priceoye.pk/mobiles/realme/realme-5s,,,,,
,,,Realme,5i,64GB - 4GB RAM,"Rs23,600",3,Discontinued,https://priceoye.pk/mobiles/realme/realme-5i,,,,,
,,,Realme,5 Pro,128GB - 4GB RAM,"Rs32,999",4.2,Discontinued,https://priceoye.pk/mobiles/realme/realme-5-pro,,,,,
,,,Realme,5,64GB - 4GB RAM,"Rs25,999",4.6,Discontinued,https://priceoye.pk/mobiles/realme/realme-5,,,,,
,,,Realme,3 Pro,128GB - 6GB RAM,"Rs39,999",4.6,Discontinued,https://priceoye.pk/mobiles/realme/realme-3-pro,,,,,
,,,Realme,2 Pro,128GB - 8GB RAM,"Rs41,999",3.6,Discontinued,https://priceoye.pk/mobiles/realme/oppo-realme-2-pro,,,,,
,,,Realme,13+ 5G,256GB - 12GB RAM,"Rs74,999",4.9,In Stock,https://priceoye.pk/mobiles/realme/realme-13-plus-5g,,,,,
,,,Realme,12 4G,256GB - 8GB RAM,"Rs42,499",4.9,In Stock,https://priceoye.pk/mobiles/realme/realme-12,,,,,
Android,Performance,Smartphone,Poco,X7 pro,512GB - 12GB RAM,"Rs138,999",5,In Stock,https://priceoye.pk/mobiles/xiaomi/xiaomi-poco-x7-pro,357914,535352,359317,301543,1554126
,,,Vivo,Y17s,128GB - 4GB RAM,"Rs32,499",4.9,Discontinued,https://priceoye.pk/mobiles/vivo/vivo-y17s,,,,,
Android,Performance,Smartphone,Poco,X6 Pro 5G,512GB - 12GB RAM,"Rs122,099",4.9,Out Of Stock,https://priceoye.pk/mobiles/xiaomi/poco-x6-pro-5g,259206,483990,303386,230074,1276656
Android,Performance,Smartphone,Poco,X5 Pro,256GB - 8GB RAM,"Rs103,499",4.9,Discontinued,https://priceoye.pk/mobiles/xiaomi/xiaomi-poco-x5-pro,190353,136343,128675,142007,597378
,,,Vivo,Y200 4G,128GB - 8GB RAM,"Rs52,699",4.8,In Stock,https://priceoye.pk/mobiles/vivo/vivo-y200-4g,,,,,
Android,Performance,Smartphone,Poco,X3 Pro,128GB - 6GB RAM,"Rs47,699",4.9,Discontinued,https://priceoye.pk/mobiles/xiaomi/xiaomi-poco-x3-pro,171084,151208,127742,159182,609216
,,,Poco,X3 NFC,128GB - 6GB RAM,"Rs38,799",4.8,Discontinued,https://priceoye.pk/mobiles/xiaomi/xiaomi-poco-x3-nfc,,,,,
,,,Poco,X3 GT,128GB - 8GB RAM,"Rs52,899",4.9,Discontinued,https://priceoye.pk/mobiles/xiaomi/xiaomi-poco-x3-gt,,,,,
,,,Vivo,Y19s,128GB - 4GB RAM,"Rs32,999",4.7,In Stock,https://priceoye.pk/mobiles/vivo/vivo-y19s,,,,,
Android,Performance,Smartphone,Poco,M6 Pro,512GB - 12GB RAM,"Rs83,999",5,Out Of Stock,https://priceoye.pk/mobiles/xiaomi/poco-m6-pro,125203,65602,111750,115375,417930
,,,Poco,M4 Pro 4G,128GB - 6GB RAM,"Rs43,499",5,Discontinued,https://priceoye.pk/mobiles/xiaomi/xiaomi-poco-m4-pro-4g,,,,,
,,,Poco,M3 Pro,64GB - 4GB RAM,"Rs31,399",5,Discontinued,https://priceoye.pk/mobiles/xiaomi/xiaomi-poco-m3-pro,,,,,
,,,Poco,M3,128GB - 4GB RAM,"Rs25,499",4.7,Discontinued,https://priceoye.pk/mobiles/xiaomi/xiaomi-poco-m3,,,,,
Android,Performance,Smartphone,Poco,F7 Ultra,512GB - 16GB RAM,"Rs256,999",4,In Stock,https://priceoye.pk/mobiles/xiaomi/xiaomi-poco-f7-ultra,515634,1027095,463569,434581,2440879
Android,Performance,Smartphone,Poco,F7 Pro,512GB - 12GB RAM,"Rs199,999",5,Out Of Stock,https://priceoye.pk/mobiles/xiaomi/xiaomi-poco-f7-pro,390494,746209,389910,376287,1902900
,,,Vivo,Y20,64GB - 4GB RAM,"Rs23,900",4.3,Discontinued,https://priceoye.pk/mobiles/vivo/vivo-y20,,,,,
Android,Performance,Smartphone,Poco,F6 Pro,512GB - 12GB RAM,"Rs169,999",5,Out Of Stock,https://priceoye.pk/mobiles/xiaomi/poco-f6-pro,360529,610259,296070,277005,1543863
Android,Performance,Smartphone,Poco,F6,512GB - 12GB RAM,"Rs131,999",4.7,Out Of Stock,https://priceoye.pk/mobiles/xiaomi/poco-f6,345516,480205,321843,248085,1395649
,,,Oppo,F17,128GB - 8GB RAM,"Rs37,200",4.6,Discontinued,https://priceoye.pk/mobiles/oppo/oppo-f17,,,,,
,,,Oppo,R17 Pro,128GB - 8GB RAM,"Rs77,700",3,Discontinued,https://priceoye.pk/mobiles/oppo/oppo-r17-pro,,,,,
,,,Oppo,F11 Pro,128GB - 6GB RAM,"Rs52,700",4.6,Discontinued,https://priceoye.pk/mobiles/oppo/oppo-f11-pro,,,,,
,,,Itel,Vision 2,64GB - 3GB RAM,"Rs17,099",5,Discontinued,https://priceoye.pk/mobiles/itel/itel-vision-2,,,,,
,,,Oppo,A12e,64GB - 3GB RAM,"Rs19,999",5,Discontinued,https://priceoye.pk/mobiles/oppo/oppo-a12e,,,,,
,,,Oppo,A12,32GB - 3GB RAM,"Rs19,999",4.9,Discontinued,https://priceoye.pk/mobiles/oppo/oppo-a12,,,,,
,,,Oppo,A11k,32GB - 2GB RAM,"Rs17,999",5,Discontinued,https://priceoye.pk/mobiles/oppo/oppo-a11k,,,,,
,,,Vivo,Y21T,128GB - 4GB RAM,"Rs48,499",4.8,Discontinued,https://priceoye.pk/mobiles/vivo/vivo-y21t,,,,,
,,,Vivo,Y22,64GB - 4GB RAM,"Rs30,999",4.9,Discontinued,https://priceoye.pk/mobiles/vivo/vivo-y22,,,,,
,,,Oppo,F11,64GB,"Rs35,300",4,Discontinued,https://priceoye.pk/mobiles/oppo/oppo-f11,,,,,
,,,Vivo,Y28,128GB - 6GB RAM,"Rs38,999",4.9,Out Of Stock,https://priceoye.pk/mobiles/vivo/vivo-y28,,,,,
,,,Vivo,Y29,128GB - 8GB RAM,"Rs44,999",4.3,In Stock,https://priceoye.pk/mobiles/vivo/vivo-y29,,,,,
,,,Itel,Vision 3 Plus,64GB - 4GB RAM,"Rs23,999",5,Discontinued,https://priceoye.pk/mobiles/itel/itel-vision-3-plus,,,,,
,,,Itel,Vision 3,32GB - 2GB RAM,"Rs10,999",4.9,Out Of Stock,https://priceoye.pk/mobiles/itel/itel-vision-3,,,,,
,,,Itel,Vision 2s,32GB - 2GB RAM,"Rs13,999",3,Discontinued,https://priceoye.pk/mobiles/itel/itel-vision-2s,,,,,
,,,Itel,Vision 2 Plus,32GB - 2GB RAM,"Rs16,300",5,Discontinued,https://priceoye.pk/mobiles/itel/itel-vision-2-plus,,,,,
,,,Itel,Vision 1 Pro,32GB - 2GB RAM,"Rs16,249",4.9,Discontinued,https://priceoye.pk/mobiles/itel/itel-vision-1-pro,,,,,
,,,Oppo,A15s,64GB - 4GB RAM,"Rs25,000",5,Discontinued,https://priceoye.pk/mobiles/oppo/oppo-a15s,,,,,
,,,Itel,S25 Ultra,256GB - 16GB RAM,"Rs39,599",4.6,In Stock,https://priceoye.pk/mobiles/itel/itel-s25-ultra,,,,,
,,,Itel,S25,128GB-16GBRAM,"Rs29,999",4.8,In Stock,https://priceoye.pk/mobiles/itel/itel-s25,,,,,
,,,Itel,S24,128GB-16GBRAM,"Rs22,599",4.8,In Stock,https://priceoye.pk/mobiles/itel/itel-s24,,,,,
,,,Itel,S23 Plus,256GB - 8GB RAM,"Rs32,799",4.8,In Stock,https://priceoye.pk/mobiles/itel/itel-s23-plus,,,,,
,,,Itel,S23 4G,128GB - 8GB RAM,"Rs19,899",4.9,Out Of Stock,https://priceoye.pk/mobiles/itel/itel-s23-4g,,,,,
,,,Itel,S15 Pro,32GB - 2GB RAM,"Rs12,999",5,Discontinued,https://priceoye.pk/mobiles/itel/itel-s-pro,,,,,
,,,Itel,P70,128GB - 4GB RAM,"Rs21,399",2,In Stock,https://priceoye.pk/mobiles/itel/itel-p70,,,,,
,,,Itel,P65C,128GB - 8GB RAM,"Rs18,899",4.9,In Stock,https://priceoye.pk/mobiles/itel/itel-p65c,,,,,
,,,Itel,P65,128GB - 4GB RAM,"Rs25,299",4.9,In Stock,https://priceoye.pk/mobiles/itel/itel-p65,,,,,
,,,Itel,P55 Plus,256GB - 8GB RAM,"Rs26,299",4.9,Out Of Stock,https://priceoye.pk/mobiles/itel/itel-p55-plus,,,,,
Android,Performance,Smartphone,Itel,P55,128GB - 8GB RAM,"Rs21,799",4.8,Out Of Stock,https://priceoye.pk/mobiles/itel/itel-p55,137371,65480,107273,110020,420144
,,,Itel,P40 4G,64GB - 4GB RAM,"Rs17,999",4.8,Out Of Stock,https://priceoye.pk/mobiles/itel/itel-p40-4g,,,,,
,,,Itel,P17 Pro,32GB - 2GB RAM,"Rs11,299",4.8,Out Of Stock,https://priceoye.pk/mobiles/itel/itel-p17-pro,,,,,
,,,Itel,City 100,128GB - 6GB RAM,"Rs26,199",4.5,In Stock,https://priceoye.pk/mobiles/itel/itel-city-100,,,,,
,,,Oppo,A15,32GB - 2GB RAM,"Rs22,999",5,Discontinued,https://priceoye.pk/mobiles/oppo/oppo-a15,,,,,
,,,Vivo,Y27s,128GB - 8GB RAM,"Rs40,999",4.9,Out Of Stock,https://priceoye.pk/mobiles/vivo/vivo-y27s,,,,,
,,,Oppo,A16,64GB - 4GB RAM,"Rs36,999",4.8,In Stock,https://priceoye.pk/mobiles/oppo/oppo-a16,,,,,
,,,Oppo,A57,64GB - 3GB RAM,"Rs33,499",4.8,Discontinued,https://priceoye.pk/mobiles/oppo/oppo-a57-4g,,,,,
,,,Oppo,A96,128GB - 8GB RAM,"Rs69,999",5,Discontinued,https://priceoye.pk/mobiles/oppo/oppo-a96-activated,,,,,
,,,Oppo,A95,128GB - 8GB RAM,"Rs40,100",4.8,Discontinued,https://priceoye.pk/mobiles/oppo/oppo-a95,,,,,
,,,Oppo,A92,128GB - 8GB RAM,"Rs38,900",5,Discontinued,https://priceoye.pk/mobiles/oppo/oppo-a92,,,,,
,,,Oppo,A9 (2020),128GB - 8GB RAM,"Rs37,200",4.4,Discontinued,https://priceoye.pk/mobiles/oppo/oppo-a9-2020,,,,,
,,,Oppo,A16e,64GB - 4GB RAM,"Rs34,199",4.9,Discontinued,https://priceoye.pk/mobiles/oppo/oppo-a16e-activated,,,,,
,,,Oppo,A77s,128GB - 8GB RAM,"Rs74,999",5,Discontinued,https://priceoye.pk/mobiles/oppo/oppo-a77s,,,,,
,,,Oppo,A76,128GB - 6GB RAM,"Rs66,999",4.9,Discontinued,https://priceoye.pk/mobiles/oppo/oppo-a76,,,,,
,,,Oppo,A7,64GB,"Rs27,700",4.4,Discontinued,https://priceoye.pk/mobiles/oppo/oppo-a7,,,,,
,,,Oppo,A60,256GB - 8GB RAM,"Rs48,499",4.8,Out Of Stock,https://priceoye.pk/mobiles/oppo/oppo-a60,,,,,
,,,Oppo,A5s,32GB - 2GB RAM,"Rs19,999",4.5,Discontinued,https://priceoye.pk/mobiles/oppo/oppo-a5s,,,,,
,,,Oppo,A5i,64GB - 4GB RAM,"Rs25,999",5,In Stock,https://priceoye.pk/mobiles/oppo/oppo-a5i,,,,,
,,,Oppo,A58,128GB - 8GB RAM,"Rs43,999",4.9,Out Of Stock,https://priceoye.pk/mobiles/oppo/oppo-a58,,,,,
,,,Oppo,A78,256GB - 8GB RAM,"Rs58,999",4.9,Out Of Stock,https://priceoye.pk/mobiles/oppo/oppo-a78,,,,,
,,,Oppo,A54,128GB - 4GB RAM,"Rs52,199",5,Discontinued,https://priceoye.pk/mobiles/oppo/oppo-a54-activated,,,,,
,,,Oppo,A3,128GB - 6GB RAM,"Rs36,199",5,In Stock,https://priceoye.pk/mobiles/oppo/oppo-a3,,,,,
,,,Oppo,A16K,64GB - 4GB RAM,"Rs33,499",4.9,In Stock,https://priceoye.pk/mobiles/oppo/oppo-a16k,,,,,
,,,Oppo,A17,64GB - 4GB RAM,"Rs31,999",4.9,Discontinued,https://priceoye.pk/mobiles/oppo/oppo-a17,,,,,
,,,Oppo,A18,64GB - 4GB RAM,"Rs25,999",4.9,In Stock,https://priceoye.pk/mobiles/oppo/oppo-a18,,,,,
,,,Oppo,A1k,32GB - 2GB RAM,"Rs16,299",4.5,Discontinued,https://priceoye.pk/mobiles/oppo/oppo-a1k,,,,,
,,,Oppo,A31,32GB - 3GB RAM,"Rs22,699",4.7,Discontinued,https://priceoye.pk/mobiles/oppo/oppo-a31,,,,,
,,,Oppo,A3x,64GB - 4GB RAM,"Rs25,699",4.9,In Stock,https://priceoye.pk/mobiles/oppo/oppo-a3x,,,,,
,,,Oppo,A5 (2020),64GB - 3GB RAM,"Rs27,700",4.5,Discontinued,https://priceoye.pk/mobiles/oppo/oppo-a5-2020,,,,,
,,,Oppo,A5 Pro,128GB - 8GB RAM,"Rs45,699",4.8,In Stock,https://priceoye.pk/mobiles/oppo/oppo-a5-pro,,,,,
,,,Oppo,A52,128GB - 4GB RAM,"Rs34,100",3.7,Discontinued,https://priceoye.pk/mobiles/oppo/oppo-a52,,,,,
,,,Oppo,A53,64GB - 4GB RAM,"Rs26,399",4.3,Discontinued,https://priceoye.pk/mobiles/oppo/oppo-a53,,,,,
,,,Oppo,A38,128GB - 6GB RAM,"Rs40,999",4.9,Out Of Stock,https://priceoye.pk/mobiles/oppo/oppo-a38,,,,,
Android,Performance,Smartphone,vivo,iQOO Neo9S Pro+,256GB - 12GB RAM,,,,,436901,860961,379033,343976,2020871
Android,Performance,Smartphone,vivo,X200 Pro,256GB - 12GB RAM,,,,,568260,1049917,391128,407874,2417179
Android,Performance,Smartphone,vivo,T4x 5G,128GB - 6GB RAM,,,,,171994,137977,155168,139108,604247
Android,Performance,Smartphone,vivo,iQOO Z9 Turbo Lasting,256GB - 12GB RAM,,,,,365562,469512,312760,270344,1418178
Android,Performance,Smartphone,vivo,iQOO Z9 Turbo,256GB - 12GB RAM,,,,,368697,465997,299914,267874,1402482
Android,Performance,Smartphone,vivo,iQOO Z9,256GB - 8GB RAM,,,,,257672,258995,122932,161132,800731
Android,Performance,Smartphone,vivo,iQOO Z10x,128GB - 6GB RAM,,,,,174709,138122,162656,142134,617621
Android,Performance,Smartphone,vivo,iQOO Z10 Turbo Pro,256GB - 12GB RAM,,,,,466698,766083,349592,329538,1911911
Android,Performance,Smartphone,vivo,iQOO Neo 10R,256GB - 8GB RAM,,,,,373835,461396,301993,265860,1403084
Android,Performance,Smartphone,vivo,iQOO Neo9,256GB - 12GB RAM,,,,,397473,609477,321542,291132,1619624
Android,Performance,Smartphone,vivo,iQOO Neo10,256GB - 12GB RAM,,,,,436812,840072,390807,327552,1995243
Android,Performance,Smartphone,vivo,iQOO Neo 10,256GB - 12GB RAM,,,,,465737,774330,370566,326488,1937121
Android,Performance,Smartphone,vivo,iQOO 13,512GB - 16GB RAM,,,,,584069,1169796,485110,432330,2671305
Android,Performance,Smartphone,realme,NARZO 70 Turbo 5G,128GB - 6GB RAM,,,,,208457,138271,134643,161206,642577
Android,Performance,Smartphone,realme,GT 7,256GB - 12GB RAM,,,,,492843,791432,380687,358095,2023057
Android,Performance,Smartphone,realme,13+ 5G,256GB - 12GB RAM,,,,,214270,147654,184202,171043,717169
Android,Performance,Smartphone,ZTE,Red Magic 10 Pro,512GB - 16GB RAM,,,,,584877,1160026,490503,388098,2623504
Android,Performance,Smartphone,realme,GT 6T,256GB - 8GB RAM,,,,,323449,448722,279808,226674,1278653
iOS,iOS Performance,Pad,Apple,iPad 10,64GB - 4GB RAM,,,,,288028,312686,132714,294385,1027813
Android,Performance,Smartphone,Tecno,POVA 5,256GB - 8GB RAM,,,,,126704,68827,102649,115411,413591
Android,Performance,Smartphone,Samsung,Galaxy S24,256GB - 8GB RAM,,,,,399771,595194,274659,278568,1548192
iOS,iOS Performance,Pad,Apple,iPad Pro 4 (11-inch),128GB - 8GB RAM,,,,,533109,769597,267740,340035,1910481
iOS,iOS Performance,Pad,Apple,iPad Pro 4 (12.9-inch),256GB - 6GB RAM,,,,,292025,467276,184685,245539,1189525
iOS,iOS Performance,Pad,Apple,iPad Pro 5 (12.9-inch),256GB - 8GB RAM,,,,,459069,691575,267269,315483,1733396
iOS,iOS Performance,Pad,Apple,iPad Pro 6 (12.9-inch),256GB - 8GB RAM,,,,,543581,821098,296091,338706,1999476
iOS,iOS Performance,Smartphone,Apple,iPhone 11 Pro,256GB - 4GB RAM,,,,,189110,294772,156324,245057,885263
iOS,iOS Performance,Smartphone,Apple,iPhone 11 Pro Max,256GB - 4GB RAM,,,,,199257,296536,156739,249511,902043
iOS,iOS Performance,Smartphone,Apple,iPhone 12,128GB - 4GB RAM,,,,,247781,309759,168018,288787,1014345
iOS,iOS Performance,Smartphone,Apple,iPhone 12 mini,128GB - 4GB RAM,,,,,249639,302761,169657,282066,1004123
iOS,iOS Performance,Smartphone,Apple,iPhone 12 Pro,128GB - 6GB RAM,,,,,241809,305271,167911,288810,1003801
iOS,iOS Performance,Smartphone,Apple,iPhone 12 Pro Max,256GB - 6GB RAM,,,,,260392,306470,185878,295042,1047782
iOS,iOS Performance,Smartphone,Apple,iPhone 13 mini,128GB - 4GB RAM,,,,,265910,373869,211317,293769,1144865
iOS,iOS Performance,Smartphone,Apple,iPhone 13 Pro,256GB - 6GB RAM,,,,,298734,408050,231845,310150,1248779
iOS,iOS Performance,Smartphone,Apple,iPhone 13 Pro Max,256GB - 6GB RAM,,,,,291732,401051,229728,313953,1236464
iOS,iOS Performance,Smartphone,Apple,iPhone 14 Plus,128GB - 6GB RAM,,,,,310983,425184,223304,309499,1268970
iOS,iOS Performance,Smartphone,Apple,iPhone 14 Pro,256GB - 6GB RAM,,,,,337340,451460,267713,327159,1383672
iOS,iOS Performance,Smartphone,Apple,iPhone 14 Pro Max,256GB - 6GB RAM,,,,,339970,443535,263999,329829,1377333
iOS,iOS Performance,Smartphone,Apple,iPhone 15,128GB - 6GB RAM,,,,,326566,427665,247633,317840,1319704
iOS,iOS Performance,Smartphone,Apple,iPhone 15 Plus,128GB - 6GB RAM,,,,,332905,427283,249594,321990,1331772
iOS,iOS Performance,Smartphone,Apple,iPhone 15 Pro,256GB - 8GB RAM,,,,,358813,518524,266056,342660,1486053
iOS,iOS Performance,Pad,Apple,iPad Pro 3 (12.9-inch),64GB - 4GB RAM,,,,,270883,407008,151315,216948,1046154
iOS,iOS Performance,Pad,Apple,iPad Pro 3 (11-inch),128GB - 8GB RAM,,,,,450431,668593,212448,325429,1656901
iOS,iOS Performance,Pad,Apple,iPad Pro 2024 (13-inch) (M4 (9-core) 8+256),256GB - 8GB RAM,,,,,683701,1058369,333448,414146,2489664
iOS,iOS Performance,Pad,Apple,iPad Air 3,64GB - 3GB RAM,,,,,201068,240262,123143,229963,794436
iOS,iOS Performance,Pad,Apple,iPad 6,128GB - 2GB RAM,,,,,136767,81653,67356,98527,384303
iOS,iOS Performance,Pad,Apple,iPad 7,128GB - 3GB RAM,,,,,130603,89778,66891,155487,442759
iOS,iOS Performance,Pad,Apple,iPad 8,128GB - 3GB RAM,,,,,176895,188381,130532,221223,717031
iOS,iOS Performance,Pad,Apple,iPad 9,64GB - 3GB RAM,,,,,216752,281535,134845,263893,897025
iOS,iOS Performance,Pad,Apple,iPad Air 2024 (11-inch),128GB - 8GB RAM,,,,,492709,723217,269066,343472,1828464
iOS,iOS Performance,Pad,Apple,iPad Air 2024 (13-inch),128GB - 8GB RAM,,,,,531535,764316,277486,346748,1920085
iOS,iOS Performance,Pad,Apple,iPad Air 2025 (11-inch),256GB - 8GB RAM,,,,,479623,792486,314421,389303,1975833
iOS,iOS Performance,Pad,Apple,iPad Air 2025 (13-inch),256GB - 8GB RAM,,,,,527209,823804,317360,389576,2057949
iOS,iOS Performance,Pad,Apple,iPad Air 4,64GB - 4GB RAM,,,,,308866,380753,145827,281174,1116620
iOS,iOS Performance,Pad,Apple,iPad Pro 2024 (11-inch) (M4 (9-core) 8+256),256GB - 8GB RAM,,,,,678940,1073074,332594,405204,2489812
iOS,iOS Performance,Pad,Apple,iPad Air 5,256GB - 8GB RAM,,,,,406274,626069,226575,326211,1585129
iOS,iOS Performance,Pad,Apple,iPad mini 5,64GB - 3GB RAM,,,,,191382,201052,120150,217334,729918
iOS,iOS Performance,Pad,Apple,iPad mini 6,64GB - 4GB RAM,,,,,316443,399377,177812,299830,1193462
iOS,iOS Performance,Pad,Apple,iPad mini 7,128GB - 8GB RAM,,,,,373774,484191,252183,345206,1455354
iOS,iOS Performance,Pad,Apple,iPad Pro (11-inch),64GB - 4GB RAM,,,,,245239,327390,149443,200898,922970
iOS,iOS Performance,Pad,Apple,iPad Pro 2 (10.5-inch),256GB - 4GB RAM,,,,,125438,136322,77747,100700,440207
iOS,iOS Performance,Pad,Apple,iPad Pro 2 (11-inch),128GB - 6GB RAM,,,,,283635,412981,150666,241069,1088351
iOS,iOS Performance,Pad,Apple,iPad Pro 2 (12.9-inch),256GB - 4GB RAM,,,,,179228,164367,84190,176925,604710
iOS,iOS Performance,Smartphone,Apple,iPhone 6s,64GB - 2GB RAM,,,,,73349,54776,40770,65149,234044
iOS,iOS Performance,Smartphone,Apple,iPhone 7,128GB - 2GB RAM,,,,,85304,68080,54956,83144,291484
iOS,iOS Performance,Smartphone,Apple,iPhone 8,64GB - 2GB RAM,,,,,114915,77974,87156,137365,417410
Android,Performance,Smartphone,Poco,F7,512GB - 12GB RAM,,,,,413268,780396,361674,301466,1856804
Android,Performance,Smartphone,Motorola,Moto G75 5G,256GB - 8GB RAM,,,,,192843,128780,134307,146373,602303
Android,Performance,Smartphone,OnePlus,13,512GB - 16GB RAM,,,,,437793,1017428,438000,342757,2235978
Android,Performance,Smartphone,OnePlus,13R,256GB - 12GB RAM,,,,,369793,772948,361104,297466,1801311
Android,Performance,Smartphone,OnePlus,Ace 5,256GB - 12GB RAM,,,,,428004,829973,400772,357096,2015845
Android,Performance,Smartphone,OnePlus,Nord 4,256GB - 8GB RAM,,,,,199924,469776,231344,183365,1084409
Android,Performance,Smartphone,Poco,F4,256GB - 8GB RAM,,,,,219493,218056,137101,183945,758595
Android,Performance,Smartphone,Poco,F5,256GB - 12GB RAM,,,,,330327,343070,202931,236662,1112990
Android,Performance,Smartphone,Poco,F5 Pro,512GB - 12GB RAM,,,,,332048,484407,219086,246672,1282213
Android,Performance,Smartphone,Poco,M7 Pro 5G,256GB - 8GB RAM,,,,,153597,49560,115677,134179,453013
Android,Performance,Smartphone,Motorola,Edge 50 Fusion,256GB - 8GB RAM,,,,,184725,98531,128117,136603,547976
Android,Performance,Smartphone,Poco,X6 5G,256GB - 12GB RAM,,,,,186345,124690,123178,146346,580559
Android,Performance,Smartphone,Poco,X7,256GB - 8GB RAM,,,,,189137,142262,128038,163006,622443
iOS,iOS Performance,Pad,Apple,iPad 11,128GB - 6GB RAM,,,,,347795,425142,262489,324583,1360009
Android,Performance,Smartphone,Redmi,Turbo 3,256GB - 12GB RAM,,,,,353902,483665,311899,246948,1396414
Android,Performance,Smartphone,Redmi,Turbo 4 Pro,256GB - 12GB RAM,,,,,430076,808093,399872,316194,1954235
Android,Performance,Smartphone,Samsung,Galaxy M35,128GB - 6GB RAM,,,,,183969,132564,108915,150649,576097
Android,Performance,Smartphone,Samsung,Galaxy M55,256GB - 8GB RAM,,,,,174895,162583,114058,124873,576409
Android,Performance,Smartphone,Motorola,Edge 60 Pro,256GB - 8GB RAM,,,,,173423,456469,237227,219049,1086168
Android,Performance,Smartphone,Infinix,NOTE 50X 5G,256GB - 8GB RAM,,,,,182425,147814,138554,149119,617912
iOS,iOS Performance,Smartphone,Apple,iPhone SE,64GB - 2GB RAM,,,,,91982,61579,48070,76236,277867
Android,Performance,Smartphone,Google,Pixel 7a,128GB - 8GB RAM,,,,,222928,264991,167259,189671,844849
iOS,iOS Performance,Smartphone,Apple,iPhone SE2,64GB - 3GB RAM,,,,,142260,217758,123636,214606,698260
iOS,iOS Performance,Smartphone,Apple,iPhone SE3,64GB - 4GB RAM,,,,,254959,336530,186412,297151,1075052
iOS,iOS Performance,Smartphone,Apple,iPhone XR,128GB - 3GB RAM,,,,,153710,141021,124812,215568,635111
iOS,iOS Performance,Smartphone,Apple,iPhone XS,256GB - 4GB RAM,,,,,159231,153836,141245,220765,675077
iOS,iOS Performance,Smartphone,Apple,iPhone XS Max,256GB - 4GB RAM,,,,,161630,151690,140247,213666,667233
Android,Performance,Smartphone,Google,Pixel 6 Pro,128GB - 12GB RAM,,,,,193867,200592,150110,181647,726216
Android,Performance,Smartphone,Google,Pixel 6a,128GB - 6GB RAM,,,,,216697,206928,147458,177689,748772
Android,Performance,Smartphone,Google,Pixel 7,128GB - 8GB RAM,,,,,225691,258561,161325,188138,833715
Android,Performance,Smartphone,HONOR,200 Pro,512GB - 12GB RAM,,,,,273958,434019,229419,225226,1162622
Android,Performance,Smartphone,Infinix,NOTE 50S 5G,256GB - 8GB RAM,,,,,205644,152238,150990,161564,670436
Android,Performance,Smartphone,HONOR,400 Pro,512GB - 12GB RAM,,,,,404868,763898,347800,311732,1828298
Android,Performance,Smartphone,HONOR,Magic 7 Pro,512GB - 12GB RAM,,,,,349502,1048974,341553,335742,2075771
Android,Performance,Smartphone,Infinix,GT 10 Pro,256GB - 8GB RAM,,,,,196501,161834,166879,186434,711648
Android,Performance,Smartphone,Infinix,GT 20 Pro,256GB - 12GB RAM,,,,,262555,268523,200360,233094,964532
Android,Performance,Smartphone,Infinix,GT 30 Pro,256GB - 8GB RAM,,,,,219943,532216,301715,253086,1306960
Android,Performance,Smartphone,Infinix,HOT 40 Pro,256GB - 8GB RAM,,,,,129610,64155,109530,114240,417535
Android,Performance,Smartphone,Infinix,Note 30,256GB - 8GB RAM,,,,,126094,68799,101004,113522,409419
Android,Performance,Smartphone,Infinix,Note 30 Pro,256GB - 8GB RAM,,,,,126006,69198,100832,114361,410397
Android,Performance,Smartphone,vivo,X200 Pro mini,256GB - 12GB RAM,,,,,530531,1008107,371134,392257,2302029
